State,Value
Alabama,22.3
Alaska,16.7
Arizona,18.3
Arkansas,24.1
California,15.8
Colorado,17.0
Connecticut,18.8
Delaware,19.8
District of Columbia,18.0
Florida,19.0
Georgia,21.1
Hawaii,12.2
Idaho,22.5
Illinois,17.2
Indiana,23.5
Iowa,23.1
Kansas,21.2
Kentucky,26.8
Louisiana,23.6
Maine,23.1
Maryland,17.1
Massachusetts,19.9
Michigan,20.4
Minnesota,20.6
Mississippi,20.8
Missouri,23.7
Montana,18.4
Nebraska,23.6
Nevada,15.0
New Hampshire,21.1
New Jersey,18.7
New Mexico,18.5
New York,17.8
North Carolina,19.4
North Dakota,19.6
Ohio,21.7
Oklahoma,21.9
Oregon,22.9
Pennsylvania,22.1
Rhode Island,23.1
South Carolina,20.5
South Dakota,17.8
Tennessee,21.2
Texas,16.4
Utah,23.9
Vermont,23.2
Virginia,18.9
Washington,20.9
West Virginia,22.4
Wisconsin,19.7
Wyoming,18.7
Alabama,8.5
Alaska,7.5
Arizona,7.3
Arkansas,6.1
California,9.5
Colorado,10.1
Connecticut,12.3
Delaware,10.0
District of Columbia,19.1
Florida,7.8
Georgia,7.9
Hawaii,11.9
Idaho,8.3
Illinois,8.8
Indiana,6.8
Iowa,8.1
Kansas,7.7
Kentucky,5.8
Louisiana,9.5
Maine,12.4
Maryland,8.7
Massachusetts,12.7
Michigan,9.0
Minnesota,9.5
Mississippi,6.8
Missouri,7.9
Montana,9.2
Nebraska,6.8
Nevada,6.7
New Hampshire,7.1
New Jersey,9.3
New Mexico,10.1
New York,10.5
North Carolina,8.9
North Dakota,4.9
Ohio,9.6
Oklahoma,7.5
Oregon,13.0
Pennsylvania,9.3
Rhode Island,13.5
South Carolina,5.4
South Dakota,6.2
Tennessee,8.2
Texas,6.7
Utah,9.4
Vermont,11.4
Virginia,9.3
Washington,10.3
West Virginia,5.1
Wisconsin,7.2
Wyoming,5.3
Alabama,25.2
Alaska,19.2
Arizona,20.2
Arkansas,25.3
California,20.1
Colorado,22.0
Connecticut,23.1
Delaware,24.0
District of Columbia,27.6
Florida,21.3
Georgia,22.8
Hawaii,19.6
Idaho,25.2
Illinois,20.3
Indiana,25.3
Iowa,25.0
Kansas,23.9
Kentucky,28.4
Louisiana,26.6
Maine,28.0
Maryland,20.5
Massachusetts,24.6
Michigan,23.4
Minnesota,23.7
Mississippi,21.7
Missouri,25.9
Montana,21.9
Nebraska,25.3
Nevada,17.7
New Hampshire,24.3
New Jersey,21.8
New Mexico,23.0
New York,21.9
North Carolina,22.5
North Dakota,20.7
Ohio,23.6
Oklahoma,24.3
Oregon,28.3
Pennsylvania,25.5
Rhode Island,25.9
South Carolina,21.9
South Dakota,20.1
Tennessee,24.0
Texas,18.8
Utah,27.5
Vermont,27.8
Virginia,21.8
Washington,25.0
West Virginia,23.5
Wisconsin,22.1
Wyoming,20.5
Alabama,8.4
Alaska,8.5
Arizona,9.7
Arkansas,7.7
California,9.2
Colorado,10.8
Connecticut,8.1
Delaware,7.7
District of Columbia,11.3
Florida,11.0
Georgia,10.2
Hawaii,6.6
Idaho,9.2
Illinois,8.8
Indiana,9.6
Iowa,7.2
Kansas,9.2
Kentucky,8.9
Louisiana,9.3
Maine,11.8
Maryland,10.1
Massachusetts,9.1
Michigan,10.2
Minnesota,8.1
Mississippi,8.4
Missouri,11.2
Montana,9.3
Nebraska,7.7
Nevada,9.9
New Hampshire,7.3
New Jersey,7.6
New Mexico,11.1
New York,9.4
North Carolina,9.5
North Dakota,5.7
Ohio,9.3
Oklahoma,9.0
Oregon,12.9
Pennsylvania,7.8
Rhode Island,7.0
South Carolina,9.3
South Dakota,6.3
Tennessee,8.9
Texas,7.4
Utah,11.5
Vermont,10.5
Virginia,7.6
Washington,11.2
West Virginia,6.6
Wisconsin,7.3
Wyoming,7.5
Alabama,21.0
Alaska,15.0
Arizona,19.6
Arkansas,25.7
California,15.9
Colorado,17.8
Connecticut,20.0
Delaware,22.8
District of Columbia,19.6
Florida,17.1
Georgia,20.3
Hawaii,11.2
Idaho,23.2
Illinois,19.0
Indiana,23.3
Iowa,22.4
Kansas,22.2
Kentucky,26.0
Louisiana,23.1
Maine,30.1
Maryland,16.9
Massachusetts,23.2
Michigan,21.5
Minnesota,22.9
Mississippi,23.5
Missouri,21.3
Montana,21.8
Nebraska,21.3
Nevada,15.9
New Hampshire,22.9
New Jersey,17.9
New Mexico,18.8
New York,17.8
North Carolina,22.3
North Dakota,15.7
Ohio,21.2
Oklahoma,22.6
Oregon,21.2
Pennsylvania,20.1
Rhode Island,22.6
South Carolina,22.7
South Dakota,20.3
Tennessee,19.4
Texas,18.1
Utah,22.3
Vermont,22.3
Virginia,19.5
Washington,19.4
West Virginia,26.2
Wisconsin,24.0
Wyoming,18.1
Alabama,6.9
Alaska,8.2
Arizona,10.1
Arkansas,6.4
California,8.9
Colorado,9.5
Connecticut,12.0
Delaware,9.3
District of Columbia,17.0
Florida,7.7
Georgia,9.3
Hawaii,5.3
Idaho,8.8
Illinois,9.8
Indiana,6.7
Iowa,7.6
Kansas,6.8
Kentucky,10.1
Louisiana,7.7
Maine,10.1
Maryland,9.6
Massachusetts,14.5
Michigan,9.3
Minnesota,9.3
Mississippi,5.6
Missouri,8.1
Montana,10.5
Nebraska,6.7
Nevada,7.8
New Hampshire,9.6
New Jersey,8.8
New Mexico,8.5
New York,12.0
North Carolina,7.6
North Dakota,5.9
Ohio,7.7
Oklahoma,8.2
Oregon,10.4
Pennsylvania,8.6
Rhode Island,12.5
South Carolina,9.0
South Dakota,5.4
Tennessee,8.1
Texas,9.2
Utah,9.0
Vermont,12.3
Virginia,10.6
Washington,9.9
West Virginia,9.5
Wisconsin,8.6
Wyoming,8.7
Alabama,22.7
Alaska,19.0
Arizona,22.7
Arkansas,27.5
California,19.6
Colorado,21.7
Connecticut,24.4
Delaware,25.4
District of Columbia,28.2
Florida,20.0
Georgia,23.2
Hawaii,13.3
Idaho,25.6
Illinois,22.4
Indiana,25.2
Iowa,24.7
Kansas,24.2
Kentucky,28.2
Louisiana,25.2
Maine,33.0
Maryland,20.4
Massachusetts,27.7
Michigan,25.5
Minnesota,26.1
Mississippi,24.9
Missouri,24.4
Montana,26.3
Nebraska,23.2
Nevada,18.0
New Hampshire,25.4
New Jersey,20.6
New Mexico,22.2
New York,22.1
North Carolina,24.1
North Dakota,16.5
Ohio,23.8
Oklahoma,25.1
Oregon,25.2
Pennsylvania,23.1
Rhode Island,26.2
South Carolina,25.2
South Dakota,22.2
Tennessee,22.4
Texas,21.4
Utah,26.0
Vermont,27.2
Virginia,22.6
Washington,23.1
West Virginia,28.7
Wisconsin,26.9
Wyoming,21.4
Alabama,9.9
Alaska,9.6
Arizona,12.3
Arkansas,12.1
California,9.2
Colorado,12.9
Connecticut,8.3
Delaware,9.9
District of Columbia,12.6
Florida,8.6
Georgia,12.3
Hawaii,9.2
Idaho,10.0
Illinois,10.7
Indiana,10.5
Iowa,9.4
Kansas,9.2
Kentucky,9.9
Louisiana,11.0
Maine,10.7
Maryland,9.3
Massachusetts,8.6
Michigan,9.0
Minnesota,8.1
Mississippi,10.4
Missouri,10.7
Montana,9.4
Nebraska,8.6
Nevada,9.7
New Hampshire,8.8
New Jersey,6.9
New Mexico,6.5
New York,9.5
North Carolina,11.5
North Dakota,7.9
Ohio,8.2
Oklahoma,9.0
Oregon,13.1
Pennsylvania,8.1
Rhode Island,8.9
South Carolina,8.1
South Dakota,6.5
Tennessee,9.8
Texas,10.9
Utah,11.3
Vermont,9.6
Virginia,8.5
Washington,11.0
West Virginia,7.5
Wisconsin,6.9
Wyoming,8.9
Alabama,25.9
Alaska,17.1
Arizona,19.0
Arkansas,20.3
California,16.2
Colorado,21.8
Connecticut,22.4
Delaware,18.8
District of Columbia,19.1
Florida,19.6
Georgia,19.9
Hawaii,10.1
Idaho,21.8
Illinois,19.3
Indiana,22.5
Iowa,22.9
Kansas,25.0
Kentucky,25.5
Louisiana,23.1
Maine,21.5
Maryland,18.8
Massachusetts,22.9
Michigan,19.8
Minnesota,22.9
Mississippi,19.8
Missouri,23.0
Montana,25.4
Nebraska,19.4
Nevada,17.4
New Hampshire,21.8
New Jersey,17.4
New Mexico,22.7
New York,15.9
North Carolina,20.4
North Dakota,22.6
Ohio,21.0
Oklahoma,20.7
Oregon,18.2
Pennsylvania,22.6
Rhode Island,22.3
South Carolina,21.3
South Dakota,21.7
Tennessee,24.1
Texas,18.2
Utah,24.2
Vermont,24.2
Virginia,19.1
Washington,20.7
West Virginia,23.5
Wisconsin,18.2
Wyoming,22.3
Alabama,7.5
Alaska,8.6
Arizona,8.0
Arkansas,5.5
California,9.3
Colorado,12.7
Connecticut,10.4
Delaware,8.6
District of Columbia,15.7
Florida,8.1
Georgia,7.9
Hawaii,6.8
Idaho,7.7
Illinois,10.0
Indiana,8.1
Iowa,6.3
Kansas,9.9
Kentucky,9.6
Louisiana,9.1
Maine,10.4
Maryland,11.2
Massachusetts,13.6
Michigan,8.6
Minnesota,10.3
Mississippi,6.7
Missouri,7.9
Montana,7.9
Nebraska,7.4
Nevada,8.5
New Hampshire,9.9
New Jersey,7.9
New Mexico,10.8
New York,10.1
North Carolina,8.1
North Dakota,5.1
Ohio,9.5
Oklahoma,6.2
Oregon,10.5
Pennsylvania,10.4
Rhode Island,7.9
South Carolina,8.0
South Dakota,5.4
Tennessee,8.2
Texas,8.3
Utah,10.7
Vermont,13.1
Virginia,10.0
Washington,8.8
West Virginia,7.4
Wisconsin,7.7
Wyoming,7.4
Alabama,27.8
Alaska,20.2
Arizona,21.7
Arkansas,22.1
California,19.6
Colorado,27.2
Connecticut,26.4
Delaware,22.2
District of Columbia,26.3
Florida,22.4
Georgia,21.9
Hawaii,13.3
Idaho,23.7
Illinois,22.9
Indiana,23.8
Iowa,25.0
Kansas,27.8
Kentucky,28.5
Louisiana,26.3
Maine,24.4
Maryland,21.5
Massachusetts,27.7
Michigan,23.3
Minnesota,25.5
Mississippi,21.1
Missouri,25.3
Montana,28.2
Nebraska,22.1
Nevada,20.3
New Hampshire,25.5
New Jersey,20.7
New Mexico,25.9
New York,20.1
North Carolina,23.1
North Dakota,24.6
Ohio,23.6
Oklahoma,22.6
Oregon,22.4
Pennsylvania,25.9
Rhode Island,25.1
South Carolina,23.4
South Dakota,23.4
Tennessee,26.6
Texas,21.1
Utah,28.1
Vermont,29.1
Virginia,22.6
Washington,24.3
West Virginia,25.0
Wisconsin,20.7
Wyoming,24.3
Alabama,14.5
Alaska,9.8
Arizona,9.4
Arkansas,9.7
California,13.1
Colorado,13.3
Connecticut,10.2
Delaware,9.3
District of Columbia,12.7
Florida,9.9
Georgia,10.6
Hawaii,6.6
Idaho,10.5
Illinois,9.2
Indiana,9.4
Iowa,8.8
Kansas,9.9
Kentucky,9.7
Louisiana,11.6
Maine,7.8
Maryland,9.2
Massachusetts,9.9
Michigan,8.4
Minnesota,11.2
Mississippi,9.0
Missouri,9.3
Montana,10.8
Nebraska,8.1
Nevada,11.1
New Hampshire,7.3
New Jersey,9.1
New Mexico,14.0
New York,11.3
North Carolina,9.0
North Dakota,6.0
Ohio,8.6
Oklahoma,7.5
Oregon,14.0
Pennsylvania,8.5
Rhode Island,7.0
South Carolina,9.8
South Dakota,6.0
Tennessee,10.4
Texas,10.5
Utah,15.1
Vermont,9.7
Virginia,9.9
Washington,11.8
West Virginia,13.0
Wisconsin,6.8
Wyoming,8.0
Alabama,26.7
Alaska,15.5
Arizona,19.2
Arkansas,25.0
California,15.3
Colorado,18.2
Connecticut,19.2
Delaware,22.7
District of Columbia,14.2
Florida,17.6
Georgia,19.5
Hawaii,13.0
Idaho,20.8
Illinois,18.0
Indiana,22.5
Iowa,23.6
Kansas,20.3
Kentucky,25.9
Louisiana,24.3
Maine,24.9
Maryland,20.6
Massachusetts,21.9
Michigan,19.4
Minnesota,20.8
Mississippi,21.0
Missouri,22.3
Montana,19.3
Nebraska,19.0
Nevada,16.9
New Hampshire,19.0
New Jersey,16.7
New Mexico,20.4
New York,18.4
North Carolina,21.9
North Dakota,19.4
Ohio,19.8
Oklahoma,26.2
Oregon,21.2
Pennsylvania,20.1
Rhode Island,25.0
South Carolina,22.4
South Dakota,20.5
Tennessee,21.5
Texas,17.9
Utah,23.3
Vermont,19.9
Virginia,19.1
Washington,20.6
West Virginia,32.1
Wisconsin,19.6
Wyoming,18.5
Alabama,7.6
Alaska,8.9
Arizona,9.1
Arkansas,6.5
California,10.1
Colorado,10.4
Connecticut,11.3
Delaware,7.3
District of Columbia,14.8
Florida,6.8
Georgia,8.4
Hawaii,9.0
Idaho,8.7
Illinois,8.1
Indiana,7.0
Iowa,6.1
Kansas,8.8
Kentucky,8.1
Louisiana,9.0
Maine,9.4
Maryland,11.5
Massachusetts,13.1
Michigan,8.0
Minnesota,8.7
Mississippi,5.7
Missouri,8.8
Montana,7.7
Nebraska,7.2
Nevada,7.8
New Hampshire,9.9
New Jersey,9.2
New Mexico,10.9
New York,12.1
North Carolina,10.7
North Dakota,6.5
Ohio,9.5
Oklahoma,7.8
Oregon,11.4
Pennsylvania,9.5
Rhode Island,14.3
South Carolina,7.3
South Dakota,5.9
Tennessee,8.3
Texas,6.8
Utah,11.3
Vermont,12.7
Virginia,9.3
Washington,10.5
West Virginia,9.9
Wisconsin,7.7
Wyoming,4.6
Alabama,28.5
Alaska,19.3
Arizona,22.3
Arkansas,26.4
California,20.1
Colorado,22.5
Connecticut,23.5
Delaware,25.2
District of Columbia,22.6
Florida,19.6
Georgia,22.7
Hawaii,16.6
Idaho,23.2
Illinois,20.6
Indiana,24.7
Iowa,25.8
Kansas,23.1
Kentucky,28.4
Louisiana,26.0
Maine,27.3
Maryland,24.8
Massachusetts,26.8
Michigan,21.9
Minnesota,23.6
Mississippi,21.6
Missouri,24.9
Montana,22.1
Nebraska,20.7
Nevada,19.2
New Hampshire,22.8
New Jersey,20.3
New Mexico,24.1
New York,22.2
North Carolina,25.3
North Dakota,21.1
Ohio,21.9
Oklahoma,28.2
Oregon,25.7
Pennsylvania,22.7
Rhode Island,29.0
South Carolina,24.8
South Dakota,22.4
Tennessee,24.4
Texas,20.4
Utah,27.8
Vermont,24.7
Virginia,21.8
Washington,24.8
West Virginia,33.5
Wisconsin,21.8
Wyoming,19.8
Alabama,9.8
Alaska,10.3
Arizona,11.4
Arkansas,9.5
California,10.5
Colorado,11.7
Connecticut,8.6
Delaware,9.2
District of Columbia,9.7
Florida,7.1
Georgia,10.1
Hawaii,8.0
Idaho,8.5
Illinois,9.6
Indiana,9.5
Iowa,8.3
Kansas,12.9
Kentucky,12.5
Louisiana,10.0
Maine,9.7
Maryland,10.8
Massachusetts,8.6
Michigan,12.8
Minnesota,8.4
Mississippi,8.8
Missouri,11.7
Montana,8.7
Nebraska,8.6
Nevada,10.7
New Hampshire,7.6
New Jersey,8.0
New Mexico,11.0
New York,8.4
North Carolina,10.0
North Dakota,6.9
Ohio,7.8
Oklahoma,10.7
Oregon,11.3
Pennsylvania,9.7
Rhode Island,7.9
South Carolina,9.1
South Dakota,6.2
Tennessee,10.8
Texas,9.3
Utah,12.2
Vermont,12.6
Virginia,10.6
Washington,11.6
West Virginia,11.0
Wisconsin,7.7
Wyoming,6.5
Alabama,21.6
Alaska,15.8
Arizona,19.9
Arkansas,25.1
California,17.0
Colorado,21.8
Connecticut,17.7
Delaware,20.1
District of Columbia,16.9
Florida,19.3
Georgia,19.5
Hawaii,10.0
Idaho,24.1
Illinois,18.2
Indiana,26.4
Iowa,22.7
Kansas,24.6
Kentucky,25.2
Louisiana,23.6
Maine,27.2
Maryland,18.9
Massachusetts,24.5
Michigan,23.0
Minnesota,21.1
Mississippi,26.2
Missouri,24.4
Montana,19.3
Nebraska,20.2
Nevada,15.4
New Hampshire,24.3
New Jersey,16.1
New Mexico,20.4
New York,15.5
North Carolina,19.4
North Dakota,20.6
Ohio,22.2
Oklahoma,22.8
Oregon,24.3
Pennsylvania,24.1
Rhode Island,26.2
South Carolina,19.2
South Dakota,19.1
Tennessee,23.2
Texas,18.4
Utah,23.0
Vermont,18.7
Virginia,19.3
Washington,22.2
West Virginia,25.1
Wisconsin,23.4
Wyoming,19.5
Alabama,6.4
Alaska,9.5
Arizona,8.4
Arkansas,6.7
California,11.6
Colorado,12.1
Connecticut,10.9
Delaware,12.0
District of Columbia,18.5
Florida,8.9
Georgia,9.3
Hawaii,6.1
Idaho,8.0
Illinois,11.3
Indiana,7.7
Iowa,6.9
Kansas,10.3
Kentucky,8.5
Louisiana,8.0
Maine,10.0
Maryland,12.6
Massachusetts,15.9
Michigan,8.7
Minnesota,9.9
Mississippi,8.1
Missouri,9.2
Montana,9.3
Nebraska,9.1
Nevada,7.6
New Hampshire,10.7
New Jersey,9.0
New Mexico,13.0
New York,13.7
North Carolina,8.9
North Dakota,6.8
Ohio,8.8
Oklahoma,8.7
Oregon,14.8
Pennsylvania,10.9
Rhode Island,13.3
South Carolina,6.2
South Dakota,6.1
Tennessee,9.9
Texas,8.3
Utah,9.6
Vermont,11.1
Virginia,9.0
Washington,10.7
West Virginia,7.6
Wisconsin,10.1
Wyoming,6.3
Alabama,22.8
Alaska,19.6
Arizona,22.3
Arkansas,27.3
California,20.8
Colorado,26.9
Connecticut,22.0
Delaware,25.4
District of Columbia,27.0
Florida,21.6
Georgia,22.8
Hawaii,13.3
Idaho,27.2
Illinois,23.4
Indiana,28.3
Iowa,24.8
Kansas,27.3
Kentucky,28.0
Louisiana,24.8
Maine,30.4
Maryland,24.5
Massachusetts,30.4
Michigan,26.2
Minnesota,25.2
Mississippi,27.3
Missouri,26.5
Montana,22.7
Nebraska,22.9
Nevada,17.9
New Hampshire,27.2
New Jersey,19.5
New Mexico,26.3
New York,22.5
North Carolina,22.8
North Dakota,22.6
Ohio,24.8
Oklahoma,25.7
Oregon,29.5
Pennsylvania,26.2
Rhode Island,30.0
South Carolina,21.2
South Dakota,20.9
Tennessee,26.6
Texas,21.2
Utah,26.2
Vermont,22.4
Virginia,22.1
Washington,26.5
West Virginia,27.4
Wisconsin,26.2
Wyoming,21.3
Alabama,7.7
Alaska,11.3
Arizona,10.5
Arkansas,10.5
California,12.0
Colorado,14.1
Connecticut,8.7
Delaware,12.4
District of Columbia,13.8
Florida,10.2
Georgia,12.5
Hawaii,7.3
Idaho,10.0
Illinois,8.7
Indiana,9.9
Iowa,9.5
Kansas,9.4
Kentucky,9.9
Louisiana,9.7
Maine,10.3
Maryland,9.9
Massachusetts,10.8
Michigan,12.8
Minnesota,8.1
Mississippi,13.1
Missouri,12.8
Montana,10.3
Nebraska,9.3
Nevada,12.9
New Hampshire,7.8
New Jersey,9.0
New Mexico,11.8
New York,9.3
North Carolina,11.0
North Dakota,5.7
Ohio,11.9
Oklahoma,12.1
Oregon,12.8
Pennsylvania,9.3
Rhode Island,12.2
South Carolina,8.8
South Dakota,4.9
Tennessee,9.9
Texas,9.9
Utah,10.3
Vermont,9.7
Virginia,10.0
Washington,11.0
West Virginia,8.1
Wisconsin,10.6
Wyoming,9.1
Alabama,25.2
Alaska,18.3
Arizona,19.6
Arkansas,23.6
California,18.3
Colorado,22.6
Connecticut,23.8
Delaware,22.7
District of Columbia,19.7
Florida,19.6
Georgia,20.6
Hawaii,14.2
Idaho,21.4
Illinois,21.9
Indiana,23.9
Iowa,25.6
Kansas,23.7
Kentucky,25.0
Louisiana,25.3
Maine,21.7
Maryland,20.0
Massachusetts,22.1
Michigan,22.7
Minnesota,21.5
Mississippi,20.1
Missouri,21.0
Montana,18.8
Nebraska,23.8
Nevada,19.9
New Hampshire,20.9
New Jersey,17.5
New Mexico,24.9
New York,13.7
North Carolina,20.4
North Dakota,21.3
Ohio,22.5
Oklahoma,23.9
Oregon,22.2
Pennsylvania,26.4
Rhode Island,24.2
South Carolina,23.3
South Dakota,19.1
Tennessee,21.6
Texas,19.6
Utah,24.9
Vermont,27.4
Virginia,22.2
Washington,20.8
West Virginia,27.6
Wisconsin,19.5
Wyoming,19.4
Alabama,9.2
Alaska,13.0
Arizona,9.4
Arkansas,8.2
California,10.2
Colorado,12.4
Connecticut,13.3
Delaware,11.2
District of Columbia,20.3
Florida,7.2
Georgia,8.5
Hawaii,9.4
Idaho,8.5
Illinois,9.5
Indiana,8.1
Iowa,11.1
Kansas,8.9
Kentucky,7.8
Louisiana,8.9
Maine,9.6
Maryland,12.3
Massachusetts,16.0
Michigan,7.9
Minnesota,10.1
Mississippi,6.7
Missouri,5.6
Montana,8.6
Nebraska,9.1
Nevada,9.0
New Hampshire,10.8
New Jersey,10.3
New Mexico,13.1
New York,9.7
North Carolina,10.4
North Dakota,5.8
Ohio,9.7
Oklahoma,8.9
Oregon,11.1
Pennsylvania,10.4
Rhode Island,12.4
South Carolina,9.2
South Dakota,7.8
Tennessee,9.2
Texas,9.8
Utah,11.9
Vermont,13.5
Virginia,11.7
Washington,10.6
West Virginia,12.3
Wisconsin,9.9
Wyoming,10.1
Alabama,29.1
Alaska,24.1
Arizona,21.9
Arkansas,26.0
California,23.3
Colorado,27.0
Connecticut,28.6
Delaware,26.0
District of Columbia,28.2
Florida,21.2
Georgia,23.6
Hawaii,17.7
Idaho,24.1
Illinois,25.8
Indiana,26.0
Iowa,28.2
Kansas,26.3
Kentucky,27.2
Louisiana,27.0
Maine,25.2
Maryland,24.4
Massachusetts,27.6
Michigan,25.9
Minnesota,24.7
Mississippi,22.0
Missouri,22.6
Montana,22.5
Nebraska,26.5
Nevada,23.2
New Hampshire,24.5
New Jersey,22.7
New Mexico,28.4
New York,17.6
North Carolina,23.7
North Dakota,22.6
Ohio,26.1
Oklahoma,26.5
Oregon,26.7
Pennsylvania,29.5
Rhode Island,27.0
South Carolina,24.4
South Dakota,21.4
Tennessee,24.0
Texas,22.4
Utah,29.4
Vermont,33.2
Virginia,26.2
Washington,24.7
West Virginia,30.9
Wisconsin,23.5
Wyoming,23.8
Alabama,7.8
Alaska,11.3
Arizona,10.8
Arkansas,12.1
California,14.1
Colorado,15.4
Connecticut,8.6
Delaware,14.3
District of Columbia,14.1
Florida,8.9
Georgia,11.7
Hawaii,6.7
Idaho,10.6
Illinois,10.1
Indiana,12.7
Iowa,12.0
Kansas,12.5
Kentucky,12.6
Louisiana,9.4
Maine,11.6
Maryland,9.8
Massachusetts,10.9
Michigan,9.1
Minnesota,11.1
Mississippi,11.8
Missouri,11.4
Montana,7.4
Nebraska,9.1
Nevada,11.8
New Hampshire,7.9
New Jersey,9.2
New Mexico,14.1
New York,6.8
North Carolina,10.4
North Dakota,8.8
Ohio,10.0
Oklahoma,16.9
Oregon,15.5
Pennsylvania,9.9
Rhode Island,10.2
South Carolina,13.7
South Dakota,9.0
Tennessee,9.9
Texas,13.7
Utah,15.4
Vermont,16.0
Virginia,10.9
Washington,12.6
West Virginia,8.9
Wisconsin,11.0
Wyoming,11.5
Alabama,27.1
Alaska,19.7
Arizona,18.3
Arkansas,31.4
California,16.3
Colorado,21.9
Connecticut,20.1
Delaware,21.8
District of Columbia,16.8
Florida,20.0
Georgia,21.3
Hawaii,13.2
Idaho,22.5
Illinois,22.1
Indiana,25.5
Iowa,26.1
Kansas,22.9
Kentucky,24.2
Louisiana,21.5
Maine,22.4
Maryland,18.8
Massachusetts,25.3
Michigan,23.5
Minnesota,23.7
Mississippi,23.6
Missouri,25.2
Montana,21.0
Nebraska,22.4
Nevada,19.2
New Hampshire,24.7
New Jersey,21.8
New Mexico,19.5
New York,19.4
North Carolina,26.4
North Dakota,21.2
Ohio,25.6
Oklahoma,26.4
Oregon,21.2
Pennsylvania,20.9
Rhode Island,25.3
South Carolina,29.3
South Dakota,24.2
Tennessee,21.2
Texas,19.6
Utah,26.4
Vermont,20.7
Virginia,24.1
Washington,24.2
West Virginia,25.0
Wisconsin,21.6
Wyoming,19.9
Alabama,6.9
Alaska,8.5
Arizona,10.0
Arkansas,8.9
California,8.8
Colorado,10.9
Connecticut,15.2
Delaware,10.7
District of Columbia,14.7
Florida,10.3
Georgia,11.0
Hawaii,6.1
Idaho,10.5
Illinois,9.5
Indiana,9.9
Iowa,13.2
Kansas,9.0
Kentucky,8.2
Louisiana,8.9
Maine,10.4
Maryland,13.6
Massachusetts,13.2
Michigan,9.6
Minnesota,10.7
Mississippi,6.3
Missouri,9.3
Montana,7.1
Nebraska,7.1
Nevada,6.7
New Hampshire,10.5
New Jersey,12.3
New Mexico,9.6
New York,12.4
North Carolina,9.3
North Dakota,6.8
Ohio,8.5
Oklahoma,8.2
Oregon,13.1
Pennsylvania,7.5
Rhode Island,15.1
South Carolina,9.9
South Dakota,10.7
Tennessee,7.9
Texas,9.3
Utah,9.9
Vermont,10.8
Virginia,9.6
Washington,12.7
West Virginia,7.6
Wisconsin,8.9
Wyoming,9.1
Alabama,29.0
Alaska,23.6
Arizona,21.5
Arkansas,33.6
California,19.8
Colorado,26.2
Connecticut,25.6
Delaware,24.4
District of Columbia,25.9
Florida,22.8
Georgia,24.7
Hawaii,15.1
Idaho,26.2
Illinois,26.1
Indiana,28.2
Iowa,29.4
Kansas,26.2
Kentucky,26.9
Louisiana,24.5
Maine,25.4
Maryland,23.9
Massachusetts,29.0
Michigan,27.1
Minnesota,27.2
Mississippi,24.1
Missouri,28.4
Montana,24.0
Nebraska,25.4
Nevada,21.6
New Hampshire,29.4
New Jersey,24.8
New Mexico,22.2
New York,22.5
North Carolina,29.6
North Dakota,23.2
Ohio,28.4
Oklahoma,28.4
Oregon,27.1
Pennsylvania,23.5
Rhode Island,29.4
South Carolina,31.5
South Dakota,25.9
Tennessee,23.7
Texas,22.9
Utah,30.5
Vermont,23.8
Virginia,26.7
Washington,29.1
West Virginia,27.2
Wisconsin,23.6
Wyoming,24.2
Alabama,13.7
Alaska,13.9
Arizona,12.1
Arkansas,11.7
California,13.4
Colorado,12.2
Connecticut,9.5
Delaware,11.3
District of Columbia,13.1
Florida,10.1
Georgia,11.7
Hawaii,6.5
Idaho,10.1
Illinois,12.9
Indiana,10.7
Iowa,9.6
Kansas,11.4
Kentucky,9.4
Louisiana,10.5
Maine,10.5
Maryland,11.5
Massachusetts,10.7
Michigan,11.8
Minnesota,9.5
Mississippi,10.7
Missouri,10.6
Montana,9.9
Nebraska,9.7
Nevada,11.5
New Hampshire,8.8
New Jersey,8.2
New Mexico,10.8
New York,7.9
North Carolina,13.7
North Dakota,10.0
Ohio,9.6
Oklahoma,11.9
Oregon,15.3
Pennsylvania,9.4
Rhode Island,11.0
South Carolina,14.9
South Dakota,12.9
Tennessee,11.5
Texas,11.0
Utah,15.5
Vermont,7.4
Virginia,9.4
Washington,11.7
West Virginia,12.5
Wisconsin,8.0
Wyoming,9.0
Alabama,24.3
Alaska,16.6
Arizona,19.5
Arkansas,27.5
California,18.0
Colorado,21.9
Connecticut,20.6
Delaware,22.3
District of Columbia,20.2
Florida,20.0
Georgia,23.6
Hawaii,13.2
Idaho,25.0
Illinois,18.4
Indiana,23.3
Iowa,22.3
Kansas,25.7
Kentucky,23.9
Louisiana,23.6
Maine,23.4
Maryland,20.0
Massachusetts,23.5
Michigan,24.6
Minnesota,24.0
Mississippi,25.1
Missouri,25.8
Montana,21.3
Nebraska,23.9
Nevada,18.5
New Hampshire,28.7
New Jersey,18.7
New Mexico,20.8
New York,19.5
North Carolina,18.9
North Dakota,22.9
Ohio,27.4
Oklahoma,25.5
Oregon,22.3
Pennsylvania,23.5
Rhode Island,22.9
South Carolina,21.4
South Dakota,27.5
Tennessee,22.2
Texas,17.5
Utah,28.0
Vermont,27.4
Virginia,24.6
Washington,20.8
West Virginia,33.0
Wisconsin,23.3
Wyoming,25.1
Alabama,8.0
Alaska,10.4
Arizona,8.0
Arkansas,6.7
California,11.3
Colorado,11.2
Connecticut,14.3
Delaware,10.1
District of Columbia,14.2
Florida,8.4
Georgia,10.4
Hawaii,8.3
Idaho,11.7
Illinois,10.4
Indiana,8.3
Iowa,9.2
Kansas,7.8
Kentucky,6.9
Louisiana,9.1
Maine,8.7
Maryland,11.1
Massachusetts,13.4
Michigan,9.1
Minnesota,11.0
Mississippi,11.7
Missouri,10.0
Montana,8.4
Nebraska,9.9
Nevada,9.9
New Hampshire,12.9
New Jersey,9.4
New Mexico,10.2
New York,14.1
North Carolina,8.6
North Dakota,6.3
Ohio,9.7
Oklahoma,6.5
Oregon,11.8
Pennsylvania,10.0
Rhode Island,12.8
South Carolina,4.4
South Dakota,6.1
Tennessee,9.5
Texas,8.5
Utah,10.6
Vermont,15.8
Virginia,12.5
Washington,11.4
West Virginia,8.7
Wisconsin,10.0
Wyoming,12.9
Alabama,26.3
Alaska,21.1
Arizona,22.6
Arkansas,28.5
California,22.5
Colorado,26.6
Connecticut,25.7
Delaware,26.2
District of Columbia,25.0
Florida,22.5
Georgia,26.9
Hawaii,15.3
Idaho,30.4
Illinois,23.1
Indiana,26.1
Iowa,24.0
Kansas,28.2
Kentucky,25.9
Louisiana,26.2
Maine,26.6
Maryland,23.9
Massachusetts,28.9
Michigan,27.3
Minnesota,28.2
Mississippi,27.1
Missouri,29.5
Montana,24.2
Nebraska,27.1
Nevada,22.3
New Hampshire,31.8
New Jersey,22.7
New Mexico,23.6
New York,25.0
North Carolina,22.6
North Dakota,23.7
Ohio,29.6
Oklahoma,27.0
Oregon,27.1
Pennsylvania,25.9
Rhode Island,27.2
South Carolina,22.2
South Dakota,29.5
Tennessee,25.5
Texas,21.2
Utah,31.3
Vermont,34.2
Virginia,27.9
Washington,25.0
West Virginia,34.8
Wisconsin,26.9
Wyoming,32.1
Alabama,10.3
Alaska,11.5
Arizona,11.6
Arkansas,11.8
California,14.3
Colorado,12.5
Connecticut,11.2
Delaware,15.3
District of Columbia,18.5
Florida,10.9
Georgia,16.1
Hawaii,7.0
Idaho,12.5
Illinois,10.7
Indiana,12.5
Iowa,8.5
Kansas,11.4
Kentucky,12.6
Louisiana,12.4
Maine,11.6
Maryland,11.2
Massachusetts,11.5
Michigan,9.8
Minnesota,10.4
Mississippi,13.5
Missouri,12.6
Montana,11.7
Nebraska,8.3
Nevada,12.3
New Hampshire,8.9
New Jersey,8.8
New Mexico,10.0
New York,9.4
North Carolina,15.0
North Dakota,4.1
Ohio,15.2
Oklahoma,16.5
Oregon,12.9
Pennsylvania,11.5
Rhode Island,9.0
South Carolina,10.0
South Dakota,7.5
Tennessee,13.9
Texas,10.7
Utah,17.9
Vermont,12.8
Virginia,10.2
Washington,13.4
West Virginia,12.9
Wisconsin,8.8
Wyoming,12.4
Alabama,24.8
Alaska,18.4
Arizona,20.1
Arkansas,26.4
California,18.6
Colorado,20.1
Connecticut,21.9
Delaware,21.2
District of Columbia,20.3
Florida,20.8
Georgia,20.6
Hawaii,12.5
Idaho,24.6
Illinois,19.9
Indiana,23.4
Iowa,27.1
Kansas,24.4
Kentucky,28.1
Louisiana,34.2
Maine,27.4
Maryland,19.7
Massachusetts,21.9
Michigan,25.1
Minnesota,24.3
Mississippi,25.8
Missouri,25.5
Montana,28.0
Nebraska,24.9
Nevada,15.8
New Hampshire,29.2
New Jersey,17.7
New Mexico,18.9
New York,16.9
North Carolina,22.5
North Dakota,21.1
Ohio,21.4
Oklahoma,27.5
Oregon,21.9
Pennsylvania,21.9
Rhode Island,25.5
South Carolina,23.1
South Dakota,18.6
Tennessee,26.4
Texas,22.1
Utah,24.9
Vermont,24.5
Virginia,19.9
Washington,24.0
West Virginia,29.5
Wisconsin,24.9
Wyoming,23.1
Alabama,9.6
Alaska,11.2
Arizona,8.4
Arkansas,9.0
California,12.1
Colorado,10.6
Connecticut,15.2
Delaware,11.6
District of Columbia,16.0
Florida,8.0
Georgia,11.2
Hawaii,8.5
Idaho,10.4
Illinois,10.3
Indiana,8.5
Iowa,10.4
Kansas,9.7
Kentucky,9.8
Louisiana,7.5
Maine,13.1
Maryland,12.4
Massachusetts,15.9
Michigan,11.6
Minnesota,11.6
Mississippi,4.1
Missouri,8.9
Montana,7.4
Nebraska,6.5
Nevada,8.0
New Hampshire,11.6
New Jersey,9.8
New Mexico,12.4
New York,11.3
North Carolina,8.8
North Dakota,6.6
Ohio,11.4
Oklahoma,8.5
Oregon,13.5
Pennsylvania,9.5
Rhode Island,10.6
South Carolina,7.0
South Dakota,8.8
Tennessee,9.4
Texas,8.8
Utah,9.4
Vermont,17.2
Virginia,9.5
Washington,10.1
West Virginia,7.3
Wisconsin,8.8
Wyoming,8.6
Alabama,27.6
Alaska,23.0
Arizona,23.4
Arkansas,28.7
California,23.4
Colorado,24.4
Connecticut,27.2
Delaware,24.2
District of Columbia,29.0
Florida,22.6
Georgia,24.6
Hawaii,16.7
Idaho,28.0
Illinois,24.2
Indiana,26.2
Iowa,30.3
Kansas,25.8
Kentucky,30.8
Louisiana,36.3
Maine,31.6
Maryland,24.0
Massachusetts,29.3
Michigan,27.9
Minnesota,28.0
Mississippi,26.7
Missouri,28.3
Montana,30.3
Nebraska,27.1
Nevada,18.9
New Hampshire,33.4
New Jersey,21.5
New Mexico,24.8
New York,21.4
North Carolina,25.6
North Dakota,22.1
Ohio,24.0
Oklahoma,29.7
Oregon,27.6
Pennsylvania,25.6
Rhode Island,28.8
South Carolina,25.7
South Dakota,20.1
Tennessee,28.5
Texas,24.0
Utah,28.5
Vermont,32.2
Virginia,22.5
Washington,27.6
West Virginia,31.3
Wisconsin,26.5
Wyoming,26.7
Alabama,13.1
Alaska,12.8
Arizona,14.1
Arkansas,10.5
California,14.7
Colorado,15.8
Connecticut,13.3
Delaware,13.5
District of Columbia,16.3
Florida,12.8
Georgia,9.7
Hawaii,6.1
Idaho,14.2
Illinois,10.4
Indiana,10.3
Iowa,12.0
Kansas,12.7
Kentucky,13.0
Louisiana,11.4
Maine,11.3
Maryland,11.1
Massachusetts,10.9
Michigan,13.9
Minnesota,12.1
Mississippi,11.7
Missouri,11.3
Montana,12.7
Nebraska,10.6
Nevada,14.5
New Hampshire,8.0
New Jersey,8.4
New Mexico,13.6
New York,9.1
North Carolina,13.3
North Dakota,9.3
Ohio,15.1
Oklahoma,13.3
Oregon,16.5
Pennsylvania,9.3
Rhode Island,6.4
South Carolina,11.8
South Dakota,8.3
Tennessee,13.3
Texas,13.9
Utah,15.4
Vermont,9.0
Virginia,13.1
Washington,13.0
West Virginia,14.7
Wisconsin,9.1
Wyoming,8.6
Alabama,22.8
Alaska,19.2
Arizona,19.3
Arkansas,25.1
California,16.9
Colorado,20.9
Connecticut,20.1
Delaware,19.3
District of Columbia,19.8
Florida,20.7
Georgia,21.9
Hawaii,15.7
Idaho,22.0
Illinois,23.1
Indiana,26.4
Iowa,25.7
Kansas,21.9
Kentucky,25.2
Louisiana,24.6
Maine,24.8
Maryland,21.1
Massachusetts,21.2
Michigan,22.0
Minnesota,23.5
Mississippi,26.6
Missouri,23.8
Montana,24.7
Nebraska,24.5
Nevada,19.8
New Hampshire,24.2
New Jersey,16.2
New Mexico,15.4
New York,15.1
North Carolina,23.6
North Dakota,22.8
Ohio,19.8
Oklahoma,23.3
Oregon,20.9
Pennsylvania,24.4
Rhode Island,27.7
South Carolina,28.5
South Dakota,20.0
Tennessee,21.3
Texas,17.3
Utah,24.9
Vermont,20.7
Virginia,20.9
Washington,22.2
West Virginia,25.6
Wisconsin,21.8
Wyoming,20.8
Alabama,8.4
Alaska,10.8
Arizona,6.7
Arkansas,8.0
California,10.1
Colorado,12.0
Connecticut,13.3
Delaware,7.4
District of Columbia,16.9
Florida,8.4
Georgia,7.9
Hawaii,9.4
Idaho,8.4
Illinois,9.8
Indiana,8.1
Iowa,11.8
Kansas,9.1
Kentucky,8.3
Louisiana,10.8
Maine,8.7
Maryland,10.4
Massachusetts,13.3
Michigan,9.5
Minnesota,10.4
Mississippi,8.9
Missouri,9.0
Montana,10.6
Nebraska,10.0
Nevada,8.7
New Hampshire,11.1
New Jersey,11.8
New Mexico,7.2
New York,10.4
North Carolina,9.7
North Dakota,5.0
Ohio,8.4
Oklahoma,8.0
Oregon,13.9
Pennsylvania,11.2
Rhode Island,14.8
South Carolina,10.9
South Dakota,6.0
Tennessee,6.6
Texas,7.5
Utah,9.5
Vermont,14.7
Virginia,12.8
Washington,10.1
West Virginia,8.5
Wisconsin,9.8
Wyoming,8.9
Alabama,24.6
Alaska,22.2
Arizona,22.2
Arkansas,27.0
California,21.4
Colorado,25.1
Connecticut,24.8
Delaware,21.7
District of Columbia,26.3
Florida,23.1
Georgia,24.5
Hawaii,19.3
Idaho,24.9
Illinois,27.4
Indiana,28.5
Iowa,28.6
Kansas,24.1
Kentucky,27.1
Louisiana,27.8
Maine,29.6
Maryland,25.1
Massachusetts,26.1
Michigan,24.8
Minnesota,26.5
Mississippi,28.0
Missouri,25.1
Montana,28.4
Nebraska,26.3
Nevada,22.0
New Hampshire,27.3
New Jersey,21.7
New Mexico,18.4
New York,19.8
North Carolina,25.7
North Dakota,24.3
Ohio,22.5
Oklahoma,25.6
Oregon,26.9
Pennsylvania,27.8
Rhode Island,32.1
South Carolina,30.5
South Dakota,21.7
Tennessee,23.1
Texas,20.3
Utah,29.1
Vermont,28.3
Virginia,25.8
Washington,26.9
West Virginia,29.2
Wisconsin,25.5
Wyoming,22.8
Alabama,12.9
Alaska,13.1
Arizona,11.4
Arkansas,9.3
California,10.8
Colorado,15.1
Connecticut,9.6
Delaware,9.0
District of Columbia,12.5
Florida,10.6
Georgia,17.3
Hawaii,7.4
Idaho,11.6
Illinois,11.0
Indiana,10.1
Iowa,12.0
Kansas,11.8
Kentucky,13.1
Louisiana,11.1
Maine,7.9
Maryland,10.8
Massachusetts,10.7
Michigan,12.3
Minnesota,10.0
Mississippi,15.4
Missouri,16.4
Montana,12.4
Nebraska,12.1
Nevada,12.3
New Hampshire,10.2
New Jersey,10.7
New Mexico,8.2
New York,8.8
North Carolina,12.1
North Dakota,14.0
Ohio,12.5
Oklahoma,9.6
Oregon,13.1
Pennsylvania,10.7
Rhode Island,10.6
South Carolina,9.9
South Dakota,7.3
Tennessee,11.0
Texas,11.4
Utah,14.6
Vermont,8.6
Virginia,10.1
Washington,12.3
West Virginia,12.9
Wisconsin,10.2
Wyoming,10.5
Alabama,24.8
Alaska,17.9
Arizona,23.7
Arkansas,23.0
California,16.4
Colorado,19.4
Connecticut,21.0
Delaware,23.6
District of Columbia,20.2
Florida,18.5
Georgia,24.4
Hawaii,11.2
Idaho,25.3
Illinois,20.7
Indiana,27.9
Iowa,24.0
Kansas,23.4
Kentucky,29.2
Louisiana,25.7
Maine,24.4
Maryland,20.7
Massachusetts,23.8
Michigan,22.8
Minnesota,24.8
Mississippi,23.8
Missouri,25.3
Montana,20.8
Nebraska,21.4
Nevada,16.9
New Hampshire,26.1
New Jersey,20.4
New Mexico,19.9
New York,17.3
North Carolina,18.3
North Dakota,22.7
Ohio,24.5
Oklahoma,27.7
Oregon,23.9
Pennsylvania,26.7
Rhode Island,27.4
South Carolina,22.4
South Dakota,25.1
Tennessee,25.0
Texas,18.6
Utah,24.9
Vermont,21.3
Virginia,19.5
Washington,20.5
West Virginia,25.0
Wisconsin,22.8
Wyoming,22.9
Alabama,9.1
Alaska,10.6
Arizona,11.1
Arkansas,8.6
California,9.7
Colorado,10.7
Connecticut,12.4
Delaware,10.1
District of Columbia,14.0
Florida,7.5
Georgia,9.8
Hawaii,8.0
Idaho,10.8
Illinois,8.9
Indiana,10.0
Iowa,8.4
Kansas,6.8
Kentucky,8.8
Louisiana,7.1
Maine,15.3
Maryland,11.3
Massachusetts,15.0
Michigan,11.4
Minnesota,9.9
Mississippi,4.8
Missouri,8.3
Montana,9.4
Nebraska,10.1
Nevada,8.7
New Hampshire,10.9
New Jersey,11.2
New Mexico,9.4
New York,9.1
North Carolina,10.9
North Dakota,8.6
Ohio,13.2
Oklahoma,11.2
Oregon,11.9
Pennsylvania,10.8
Rhode Island,14.6
South Carolina,7.9
South Dakota,8.2
Tennessee,8.2
Texas,7.8
Utah,11.4
Vermont,17.2
Virginia,9.7
Washington,11.0
West Virginia,6.7
Wisconsin,9.8
Wyoming,9.9
Alabama,28.5
Alaska,22.2
Arizona,27.9
Arkansas,25.3
California,20.3
Colorado,23.7
Connecticut,26.1
Delaware,25.8
District of Columbia,26.4
Florida,20.9
Georgia,28.3
Hawaii,15.4
Idaho,28.1
Illinois,24.9
Indiana,29.9
Iowa,26.1
Kansas,25.7
Kentucky,31.5
Louisiana,27.0
Maine,31.9
Maryland,24.7
Massachusetts,28.8
Michigan,26.7
Minnesota,28.5
Mississippi,25.3
Missouri,27.4
Montana,24.0
Nebraska,23.9
Nevada,20.4
New Hampshire,28.9
New Jersey,24.9
New Mexico,24.4
New York,20.5
North Carolina,22.3
North Dakota,24.0
Ohio,29.7
Oklahoma,30.8
Oregon,28.0
Pennsylvania,29.3
Rhode Island,31.9
South Carolina,24.1
South Dakota,27.0
Tennessee,27.5
Texas,22.3
Utah,30.3
Vermont,30.6
Virginia,23.1
Washington,26.2
West Virginia,25.9
Wisconsin,27.4
Wyoming,25.4
Alabama,11.2
Alaska,12.5
Arizona,12.6
Arkansas,12.1
California,12.0
Colorado,11.5
Connecticut,9.9
Delaware,8.2
District of Columbia,13.1
Florida,11.1
Georgia,15.1
Hawaii,8.1
Idaho,11.6
Illinois,12.7
Indiana,12.0
Iowa,9.9
Kansas,10.0
Kentucky,11.2
Louisiana,10.1
Maine,6.4
Maryland,13.5
Massachusetts,10.8
Michigan,14.0
Minnesota,8.0
Mississippi,10.9
Missouri,12.8
Montana,9.3
Nebraska,9.9
Nevada,13.1
New Hampshire,7.2
New Jersey,9.5
New Mexico,11.5
New York,9.0
North Carolina,12.0
North Dakota,9.7
Ohio,9.4
Oklahoma,14.1
Oregon,14.8
Pennsylvania,11.2
Rhode Island,12.2
South Carolina,10.0
South Dakota,5.9
Tennessee,12.2
Texas,13.1
Utah,13.0
Vermont,9.0
Virginia,11.2
Washington,16.1
West Virginia,11.4
Wisconsin,11.2
Wyoming,9.2
Alabama,18.9
Alaska,17.3
Arizona,18.6
Arkansas,27.4
California,14.6
Colorado,18.1
Connecticut,18.7
Delaware,20.3
District of Columbia,20.5
Florida,19.7
Georgia,17.1
Hawaii,12.1
Idaho,22.5
Illinois,23.8
Indiana,25.9
Iowa,24.2
Kansas,21.4
Kentucky,25.5
Louisiana,22.9
Maine,23.7
Maryland,23.2
Massachusetts,23.4
Michigan,23.2
Minnesota,21.5
Mississippi,27.2
Missouri,22.4
Montana,24.6
Nebraska,27.3
Nevada,18.8
New Hampshire,22.9
New Jersey,18.6
New Mexico,24.2
New York,19.4
North Carolina,26.4
North Dakota,20.5
Ohio,20.3
Oklahoma,27.6
Oregon,25.3
Pennsylvania,23.0
Rhode Island,31.8
South Carolina,22.8
South Dakota,21.3
Tennessee,23.7
Texas,18.8
Utah,24.9
Vermont,25.6
Virginia,22.2
Washington,19.7
West Virginia,29.8
Wisconsin,23.3
Wyoming,18.3
Alabama,8.1
Alaska,9.1
Arizona,10.0
Arkansas,11.1
California,9.3
Colorado,10.9
Connecticut,10.5
Delaware,10.1
District of Columbia,20.6
Florida,9.4
Georgia,6.6
Hawaii,6.2
Idaho,8.0
Illinois,10.7
Indiana,10.6
Iowa,9.0
Kansas,7.5
Kentucky,10.3
Louisiana,7.0
Maine,12.1
Maryland,15.8
Massachusetts,13.8
Michigan,10.4
Minnesota,10.9
Mississippi,10.9
Missouri,7.8
Montana,8.1
Nebraska,11.7
Nevada,6.7
New Hampshire,10.0
New Jersey,11.3
New Mexico,11.0
New York,13.3
North Carolina,13.7
North Dakota,11.0
Ohio,7.7
Oklahoma,8.6
Oregon,16.7
Pennsylvania,10.3
Rhode Island,20.2
South Carolina,9.2
South Dakota,6.3
Tennessee,6.6
Texas,10.0
Utah,10.2
Vermont,17.1
Virginia,10.4
Washington,11.1
West Virginia,12.1
Wisconsin,10.0
Wyoming,6.4
Alabama,22.0
Alaska,20.7
Arizona,21.9
Arkansas,29.5
California,19.2
Colorado,23.8
Connecticut,22.2
Delaware,22.6
District of Columbia,29.2
Florida,22.0
Georgia,20.3
Hawaii,13.9
Idaho,25.7
Illinois,26.7
Indiana,28.3
Iowa,26.1
Kansas,23.4
Kentucky,27.9
Louisiana,24.5
Maine,28.1
Maryland,30.7
Massachusetts,29.0
Michigan,27.4
Minnesota,25.8
Mississippi,29.8
Missouri,25.2
Montana,27.4
Nebraska,32.2
Nevada,22.0
New Hampshire,25.7
New Jersey,22.2
New Mexico,27.9
New York,23.8
North Carolina,28.9
North Dakota,25.1
Ohio,23.2
Oklahoma,30.1
Oregon,33.4
Pennsylvania,27.0
Rhode Island,35.7
South Carolina,25.3
South Dakota,23.9
Tennessee,26.3
Texas,23.2
Utah,28.1
Vermont,31.6
Virginia,25.7
Washington,24.1
West Virginia,31.8
Wisconsin,26.3
Wyoming,19.3
Alabama,10.8
Alaska,10.5
Arizona,11.2
Arkansas,10.6
California,11.9
Colorado,14.1
Connecticut,10.4
Delaware,9.1
District of Columbia,14.3
Florida,10.2
Georgia,11.5
Hawaii,7.7
Idaho,15.1
Illinois,11.3
Indiana,10.4
Iowa,8.4
Kansas,10.7
Kentucky,11.6
Louisiana,8.9
Maine,8.9
Maryland,9.3
Massachusetts,9.3
Michigan,12.2
Minnesota,11.5
Mississippi,9.8
Missouri,12.6
Montana,9.4
Nebraska,11.6
Nevada,13.8
New Hampshire,8.1
New Jersey,11.6
New Mexico,12.3
New York,9.9
North Carolina,10.3
North Dakota,9.6
Ohio,10.0
Oklahoma,13.0
Oregon,16.7
Pennsylvania,8.5
Rhode Island,8.9
South Carolina,14.5
South Dakota,13.2
Tennessee,12.8
Texas,13.2
Utah,14.6
Vermont,11.2
Virginia,12.2
Washington,15.6
West Virginia,10.3
Wisconsin,11.9
Wyoming,7.0
Alabama,22.9
Alaska,17.3
Arizona,19.2
Arkansas,26.9
California,18.6
Colorado,21.3
Connecticut,24.7
Delaware,25.6
District of Columbia,18.5
Florida,17.0
Georgia,24.5
Hawaii,12.2
Idaho,23.6
Illinois,20.4
Indiana,25.8
Iowa,24.7
Kansas,25.9
Kentucky,27.0
Louisiana,22.8
Maine,25.1
Maryland,19.1
Massachusetts,24.5
Michigan,22.1
Minnesota,23.4
Mississippi,21.6
Missouri,23.4
Montana,21.2
Nebraska,20.4
Nevada,18.2
New Hampshire,23.4
New Jersey,15.2
New Mexico,22.8
New York,18.4
North Carolina,24.7
North Dakota,26.2
Ohio,22.1
Oklahoma,23.1
Oregon,20.8
Pennsylvania,25.4
Rhode Island,22.6
South Carolina,21.6
South Dakota,19.2
Tennessee,23.3
Texas,19.2
Utah,27.9
Vermont,20.7
Virginia,19.7
Washington,21.5
West Virginia,27.9
Wisconsin,21.6
Wyoming,23.3
Alabama,8.9
Alaska,12.6
Arizona,7.5
Arkansas,12.4
California,10.7
Colorado,10.2
Connecticut,16.4
Delaware,12.5
District of Columbia,18.9
Florida,7.7
Georgia,11.0
Hawaii,10.5
Idaho,11.6
Illinois,11.3
Indiana,8.8
Iowa,11.1
Kansas,10.5
Kentucky,8.4
Louisiana,8.8
Maine,11.5
Maryland,11.9
Massachusetts,18.5
Michigan,11.5
Minnesota,10.7
Mississippi,11.9
Missouri,8.0
Montana,10.2
Nebraska,6.2
Nevada,8.4
New Hampshire,11.2
New Jersey,9.3
New Mexico,9.3
New York,10.1
North Carolina,10.2
North Dakota,11.1
Ohio,11.1
Oklahoma,8.1
Oregon,12.2
Pennsylvania,11.2
Rhode Island,12.4
South Carolina,8.9
South Dakota,8.6
Tennessee,10.8
Texas,8.6
Utah,15.4
Vermont,11.8
Virginia,10.5
Washington,12.4
West Virginia,8.1
Wisconsin,7.4
Wyoming,10.4
Alabama,25.3
Alaska,24.1
Arizona,21.5
Arkansas,31.0
California,22.0
Colorado,26.1
Connecticut,30.8
Delaware,28.8
District of Columbia,27.4
Florida,19.7
Georgia,28.1
Hawaii,17.7
Idaho,27.1
Illinois,24.2
Indiana,28.2
Iowa,27.7
Kansas,28.4
Kentucky,29.4
Louisiana,25.0
Maine,29.1
Maryland,23.7
Massachusetts,30.0
Michigan,26.1
Minnesota,27.0
Mississippi,25.9
Missouri,25.9
Montana,25.0
Nebraska,22.3
Nevada,20.9
New Hampshire,25.6
New Jersey,19.0
New Mexico,26.5
New York,22.2
North Carolina,27.5
North Dakota,30.6
Ohio,26.1
Oklahoma,25.8
Oregon,24.9
Pennsylvania,28.9
Rhode Island,26.3
South Carolina,24.4
South Dakota,21.3
Tennessee,27.2
Texas,22.2
Utah,32.5
Vermont,24.4
Virginia,24.3
Washington,26.8
West Virginia,29.0
Wisconsin,24.0
Wyoming,24.8
Alabama,9.4
Alaska,11.2
Arizona,10.7
Arkansas,11.5
California,12.7
Colorado,13.8
Connecticut,10.9
Delaware,9.0
District of Columbia,12.4
Florida,10.9
Georgia,16.7
Hawaii,5.8
Idaho,12.4
Illinois,13.0
Indiana,13.6
Iowa,11.1
Kansas,10.2
Kentucky,11.4
Louisiana,12.9
Maine,14.5
Maryland,10.6
Massachusetts,12.1
Michigan,12.7
Minnesota,10.2
Mississippi,13.3
Missouri,15.1
Montana,10.2
Nebraska,10.7
Nevada,11.3
New Hampshire,10.7
New Jersey,9.6
New Mexico,10.6
New York,10.4
North Carolina,11.9
North Dakota,8.7
Ohio,12.1
Oklahoma,9.8
Oregon,17.8
Pennsylvania,9.2
Rhode Island,11.3
South Carolina,11.4
South Dakota,5.9
Tennessee,10.9
Texas,12.5
Utah,14.3
Vermont,7.5
Virginia,9.6
Washington,12.6
West Virginia,13.0
Wisconsin,10.8
Wyoming,16.2
Alabama,23.2
Alaska,19.7
Arizona,21.7
Arkansas,29.8
California,18.1
Colorado,25.2
Connecticut,22.8
Delaware,16.7
District of Columbia,20.2
Florida,19.9
Georgia,17.9
Hawaii,11.3
Idaho,22.4
Illinois,19.9
Indiana,23.0
Iowa,23.8
Kansas,23.0
Kentucky,25.9
Louisiana,28.1
Maine,26.8
Maryland,20.2
Massachusetts,23.5
Michigan,21.8
Minnesota,22.6
Mississippi,19.3
Missouri,24.4
Montana,21.1
Nebraska,22.8
Nevada,16.4
New Hampshire,21.8
New Jersey,18.7
New Mexico,15.5
New York,20.6
North Carolina,22.9
North Dakota,23.4
Ohio,25.0
Oklahoma,20.7
Oregon,26.0
Pennsylvania,23.8
Rhode Island,25.0
South Carolina,22.9
South Dakota,20.9
Tennessee,23.6
Texas,17.5
Utah,23.4
Vermont,23.8
Virginia,20.2
Washington,22.7
West Virginia,26.1
Wisconsin,21.3
Wyoming,26.6
Alabama,9.2
Alaska,9.6
Arizona,10.1
Arkansas,9.2
California,11.7
Colorado,16.7
Connecticut,11.2
Delaware,9.3
District of Columbia,19.7
Florida,9.3
Georgia,7.9
Hawaii,7.3
Idaho,10.9
Illinois,9.5
Indiana,8.4
Iowa,11.3
Kansas,9.9
Kentucky,10.1
Louisiana,11.3
Maine,10.9
Maryland,13.3
Massachusetts,18.5
Michigan,9.8
Minnesota,11.3
Mississippi,4.1
Missouri,8.9
Montana,12.2
Nebraska,10.3
Nevada,8.9
New Hampshire,12.6
New Jersey,11.2
New Mexico,11.0
New York,12.7
North Carolina,10.4
North Dakota,8.7
Ohio,9.2
Oklahoma,7.5
Oregon,13.7
Pennsylvania,13.1
Rhode Island,14.5
South Carolina,7.0
South Dakota,5.9
Tennessee,8.6
Texas,7.9
Utah,10.2
Vermont,13.8
Virginia,11.4
Washington,12.3
West Virginia,10.2
Wisconsin,8.3
Wyoming,10.5
Alabama,25.0
Alaska,23.2
Arizona,25.8
Arkansas,31.9
California,21.8
Colorado,32.0
Connecticut,26.8
Delaware,19.9
District of Columbia,28.8
Florida,22.5
Georgia,20.5
Hawaii,14.2
Idaho,26.1
Illinois,23.4
Indiana,25.7
Iowa,27.0
Kansas,25.8
Kentucky,28.6
Louisiana,31.1
Maine,29.9
Maryland,25.1
Massachusetts,31.3
Michigan,25.0
Minnesota,27.0
Mississippi,19.9
Missouri,26.4
Montana,27.5
Nebraska,25.7
Nevada,20.2
New Hampshire,24.1
New Jersey,23.1
New Mexico,20.1
New York,25.1
North Carolina,26.7
North Dakota,26.4
Ohio,27.9
Oklahoma,23.8
Oregon,30.8
Pennsylvania,28.5
Rhode Island,30.9
South Carolina,26.0
South Dakota,22.2
Tennessee,25.9
Texas,20.4
Utah,28.4
Vermont,29.1
Virginia,23.7
Washington,26.9
West Virginia,29.2
Wisconsin,23.6
Wyoming,29.3
Alabama,12.5
Alaska,10.7
Arizona,14.7
Arkansas,13.3
California,12.4
Colorado,16.9
Connecticut,9.1
Delaware,8.8
District of Columbia,20.1
Florida,10.7
Georgia,9.2
Hawaii,8.5
Idaho,11.7
Illinois,10.2
Indiana,13.4
Iowa,11.4
Kansas,12.7
Kentucky,12.9
Louisiana,11.6
Maine,9.4
Maryland,10.6
Massachusetts,10.3
Michigan,11.1
Minnesota,11.0
Mississippi,9.2
Missouri,14.1
Montana,11.0
Nebraska,10.6
Nevada,12.2
New Hampshire,8.6
New Jersey,9.5
New Mexico,12.5
New York,10.9
North Carolina,10.4
North Dakota,7.3
Ohio,14.0
Oklahoma,12.4
Oregon,16.4
Pennsylvania,10.7
Rhode Island,13.9
South Carolina,9.3
South Dakota,6.2
Tennessee,13.8
Texas,11.4
Utah,12.8
Vermont,10.8
Virginia,11.1
Washington,15.9
West Virginia,14.6
Wisconsin,9.0
Wyoming,11.4
Alabama,24.4
Alaska,17.6
Arizona,19.3
Arkansas,28.7
California,16.1
Colorado,20.4
Connecticut,22.2
Delaware,17.0
District of Columbia,18.7
Florida,16.4
Georgia,23.1
Hawaii,11.6
Idaho,21.6
Illinois,19.5
Indiana,24.9
Iowa,22.6
Kansas,22.3
Kentucky,27.3
Louisiana,26.5
Maine,26.9
Maryland,20.3
Massachusetts,20.9
Michigan,25.3
Minnesota,24.1
Mississippi,24.8
Missouri,23.3
Montana,18.7
Nebraska,19.6
Nevada,18.3
New Hampshire,21.9
New Jersey,15.7
New Mexico,18.7
New York,19.4
North Carolina,22.4
North Dakota,21.9
Ohio,23.0
Oklahoma,28.5
Oregon,22.4
Pennsylvania,21.0
Rhode Island,23.6
South Carolina,22.7
South Dakota,18.3
Tennessee,25.8
Texas,17.7
Utah,21.1
Vermont,25.4
Virginia,20.9
Washington,23.1
West Virginia,26.8
Wisconsin,22.4
Wyoming,22.9
Alabama,9.6
Alaska,10.7
Arizona,11.0
Arkansas,7.6
California,10.4
Colorado,11.4
Connecticut,16.0
Delaware,8.9
District of Columbia,17.0
Florida,6.9
Georgia,11.8
Hawaii,8.6
Idaho,8.3
Illinois,10.7
Indiana,8.6
Iowa,9.2
Kansas,10.6
Kentucky,8.1
Louisiana,6.8
Maine,10.5
Maryland,11.5
Massachusetts,14.9
Michigan,12.9
Minnesota,12.3
Mississippi,5.7
Missouri,10.4
Montana,9.8
Nebraska,8.4
Nevada,10.3
New Hampshire,13.4
New Jersey,11.3
New Mexico,11.0
New York,11.7
North Carolina,10.4
North Dakota,5.9
Ohio,11.1
Oklahoma,9.0
Oregon,13.3
Pennsylvania,9.1
Rhode Island,12.7
South Carolina,5.3
South Dakota,4.9
Tennessee,11.0
Texas,7.9
Utah,11.1
Vermont,14.2
Virginia,9.8
Washington,10.5
West Virginia,9.1
Wisconsin,8.7
Wyoming,10.0
Alabama,26.1
Alaska,21.5
Arizona,23.0
Arkansas,29.8
California,20.0
Colorado,24.6
Connecticut,26.4
Delaware,20.4
District of Columbia,25.4
Florida,18.3
Georgia,27.0
Hawaii,14.7
Idaho,24.3
Illinois,23.6
Indiana,26.9
Iowa,24.5
Kansas,24.8
Kentucky,29.0
Louisiana,28.5
Maine,31.2
Maryland,23.7
Massachusetts,26.3
Michigan,28.3
Minnesota,28.2
Mississippi,26.4
Missouri,26.2
Montana,22.2
Nebraska,22.5
Nevada,20.8
New Hampshire,26.4
New Jersey,20.5
New Mexico,22.5
New York,25.0
North Carolina,26.2
North Dakota,23.2
Ohio,26.1
Oklahoma,30.7
Oregon,28.5
Pennsylvania,24.0
Rhode Island,27.9
South Carolina,23.8
South Dakota,20.0
Tennessee,29.0
Texas,20.6
Utah,26.5
Vermont,31.5
Virginia,24.4
Washington,27.1
West Virginia,28.8
Wisconsin,25.2
Wyoming,25.3
Alabama,12.3
Alaska,9.8
Arizona,13.0
Arkansas,11.5
California,11.6
Colorado,11.7
Connecticut,9.5
Delaware,8.8
District of Columbia,12.5
Florida,11.3
Georgia,14.3
Hawaii,6.2
Idaho,9.8
Illinois,11.3
Indiana,9.2
Iowa,10.8
Kansas,12.6
Kentucky,8.3
Louisiana,9.8
Maine,11.2
Maryland,10.9
Massachusetts,8.9
Michigan,9.1
Minnesota,10.2
Mississippi,9.8
Missouri,8.7
Montana,10.4
Nebraska,9.0
Nevada,11.7
New Hampshire,12.3
New Jersey,8.3
New Mexico,12.7
New York,12.6
North Carolina,13.4
North Dakota,7.8
Ohio,9.4
Oklahoma,11.7
Oregon,12.2
Pennsylvania,9.1
Rhode Island,9.5
South Carolina,10.6
South Dakota,6.2
Tennessee,10.7
Texas,12.2
Utah,12.7
Vermont,10.0
Virginia,11.8
Washington,12.6
West Virginia,14.2
Wisconsin,10.0
Wyoming,9.8
Alabama,22.1
Alaska,18.0
Arizona,22.6
Arkansas,21.7
California,19.3
Colorado,21.4
Connecticut,20.7
Delaware,20.1
District of Columbia,19.9
Florida,17.6
Georgia,20.7
Hawaii,14.7
Idaho,18.7
Illinois,19.2
Indiana,26.0
Iowa,22.9
Kansas,28.3
Kentucky,26.2
Louisiana,19.6
Maine,25.3
Maryland,20.1
Massachusetts,21.9
Michigan,22.6
Minnesota,23.4
Mississippi,18.6
Missouri,26.1
Montana,23.1
Nebraska,20.3
Nevada,20.4
New Hampshire,24.4
New Jersey,15.8
New Mexico,17.3
New York,20.6
North Carolina,25.4
North Dakota,22.4
Ohio,20.8
Oklahoma,20.5
Oregon,23.9
Pennsylvania,23.8
Rhode Island,21.6
South Carolina,21.0
South Dakota,23.9
Tennessee,24.7
Texas,20.4
Utah,25.1
Vermont,22.1
Virginia,20.9
Washington,20.2
West Virginia,32.3
Wisconsin,19.4
Wyoming,18.8
Alabama,7.7
Alaska,10.4
Arizona,11.3
Arkansas,5.7
California,10.0
Colorado,14.1
Connecticut,13.0
Delaware,9.4
District of Columbia,27.6
Florida,9.5
Georgia,9.5
Hawaii,13.7
Idaho,9.6
Illinois,9.5
Indiana,12.0
Iowa,8.9
Kansas,9.1
Kentucky,7.0
Louisiana,9.8
Maine,11.4
Maryland,11.9
Massachusetts,14.3
Michigan,11.7
Minnesota,8.8
Mississippi,5.8
Missouri,10.6
Montana,11.0
Nebraska,7.4
Nevada,9.5
New Hampshire,9.4
New Jersey,9.7
New Mexico,10.9
New York,11.5
North Carolina,7.2
North Dakota,8.4
Ohio,7.6
Oklahoma,6.0
Oregon,11.3
Pennsylvania,10.9
Rhode Island,15.4
South Carolina,9.0
South Dakota,7.9
Tennessee,8.8
Texas,8.2
Utah,10.4
Vermont,9.4
Virginia,7.2
Washington,12.1
West Virginia,7.3
Wisconsin,8.4
Wyoming,6.0
Alabama,24.2
Alaska,22.3
Arizona,25.1
Arkansas,24.3
California,22.6
Colorado,28.6
Connecticut,25.0
Delaware,22.0
District of Columbia,35.3
Florida,22.4
Georgia,23.3
Hawaii,21.0
Idaho,22.0
Illinois,23.0
Indiana,28.8
Iowa,25.0
Kansas,29.5
Kentucky,27.4
Louisiana,22.7
Maine,28.6
Maryland,24.1
Massachusetts,26.2
Michigan,27.8
Minnesota,26.8
Mississippi,19.9
Missouri,29.1
Montana,25.8
Nebraska,22.0
Nevada,23.9
New Hampshire,26.8
New Jersey,18.6
New Mexico,22.6
New York,25.4
North Carolina,28.1
North Dakota,24.7
Ohio,23.7
Oklahoma,22.5
Oregon,27.8
Pennsylvania,26.7
Rhode Island,25.8
South Carolina,23.8
South Dakota,24.5
Tennessee,26.5
Texas,23.6
Utah,29.9
Vermont,27.5
Virginia,22.9
Washington,24.0
West Virginia,32.9
Wisconsin,22.9
Wyoming,21.1
Alabama,8.7
Alaska,9.5
Arizona,11.6
Arkansas,7.9
California,10.7
Colorado,13.2
Connecticut,11.2
Delaware,5.5
District of Columbia,10.4
Florida,9.9
Georgia,8.5
Hawaii,7.4
Idaho,12.2
Illinois,9.7
Indiana,8.1
Iowa,6.7
Kansas,11.0
Kentucky,10.9
Louisiana,13.1
Maine,6.9
Maryland,10.5
Massachusetts,9.2
Michigan,10.2
Minnesota,8.0
Mississippi,9.2
Missouri,10.0
Montana,10.9
Nebraska,7.8
Nevada,9.8
New Hampshire,9.1
New Jersey,7.3
New Mexico,8.4
New York,11.8
North Carolina,10.0
North Dakota,8.0
Ohio,8.1
Oklahoma,9.1
Oregon,11.6
Pennsylvania,8.8
Rhode Island,9.3
South Carolina,8.4
South Dakota,12.8
Tennessee,9.9
Texas,10.0
Utah,10.8
Vermont,14.7
Virginia,8.6
Washington,11.7
West Virginia,13.3
Wisconsin,7.9
Wyoming,6.9
Alabama,25.9
Alaska,19.9
Arizona,19.0
Arkansas,27.4
California,16.4
Colorado,21.6
Connecticut,20.1
Delaware,24.7
District of Columbia,20.1
Florida,20.1
Georgia,21.7
Hawaii,15.4
Idaho,23.0
Illinois,21.5
Indiana,23.9
Iowa,22.7
Kansas,21.8
Kentucky,28.9
Louisiana,27.5
Maine,25.1
Maryland,22.7
Massachusetts,23.1
Michigan,24.2
Minnesota,19.0
Mississippi,23.9
Missouri,25.6
Montana,22.1
Nebraska,22.7
Nevada,16.4
New Hampshire,24.6
New Jersey,16.5
New Mexico,19.8
New York,18.7
North Carolina,21.0
North Dakota,23.1
Ohio,24.9
Oklahoma,25.3
Oregon,22.8
Pennsylvania,24.6
Rhode Island,22.5
South Carolina,19.2
South Dakota,22.7
Tennessee,25.0
Texas,20.4
Utah,21.9
Vermont,23.6
Virginia,22.5
Washington,23.1
West Virginia,29.7
Wisconsin,25.9
Wyoming,16.6
Alabama,9.6
Alaska,9.7
Arizona,8.0
Arkansas,6.6
California,10.2
Colorado,13.0
Connecticut,12.6
Delaware,11.2
District of Columbia,15.4
Florida,6.5
Georgia,9.8
Hawaii,8.7
Idaho,10.5
Illinois,10.4
Indiana,8.9
Iowa,9.4
Kansas,9.3
Kentucky,11.4
Louisiana,12.6
Maine,13.3
Maryland,11.7
Massachusetts,15.9
Michigan,11.7
Minnesota,11.0
Mississippi,6.5
Missouri,9.3
Montana,9.0
Nebraska,10.7
Nevada,7.7
New Hampshire,8.3
New Jersey,9.0
New Mexico,8.6
New York,13.9
North Carolina,9.2
North Dakota,6.0
Ohio,12.1
Oklahoma,11.4
Oregon,13.5
Pennsylvania,11.9
Rhode Island,12.9
South Carolina,9.5
South Dakota,9.8
Tennessee,7.9
Texas,6.9
Utah,9.3
Vermont,12.8
Virginia,11.7
Washington,13.2
West Virginia,8.5
Wisconsin,10.2
Wyoming,8.9
Alabama,28.1
Alaska,24.1
Arizona,21.3
Arkansas,28.8
California,20.7
Colorado,25.8
Connecticut,24.7
Delaware,29.5
District of Columbia,26.7
Florida,22.0
Georgia,25.6
Hawaii,18.6
Idaho,27.1
Illinois,26.0
Indiana,26.5
Iowa,24.8
Kansas,24.8
Kentucky,30.8
Louisiana,30.1
Maine,30.7
Maryland,26.4
Massachusetts,27.9
Michigan,27.4
Minnesota,22.9
Mississippi,24.7
Missouri,29.1
Montana,24.8
Nebraska,24.8
Nevada,19.9
New Hampshire,27.4
New Jersey,20.4
New Mexico,22.6
New York,24.6
North Carolina,25.0
North Dakota,25.1
Ohio,29.0
Oklahoma,29.1
Oregon,28.4
Pennsylvania,26.8
Rhode Island,26.2
South Carolina,22.0
South Dakota,27.4
Tennessee,26.5
Texas,22.3
Utah,26.4
Vermont,31.1
Virginia,25.7
Washington,26.9
West Virginia,30.3
Wisconsin,28.9
Wyoming,21.3
Alabama,12.0
Alaska,11.6
Arizona,8.7
Arkansas,13.9
California,9.5
Colorado,15.2
Connecticut,6.7
Delaware,4.6
District of Columbia,14.5
Florida,11.4
Georgia,12.1
Hawaii,6.1
Idaho,8.8
Illinois,8.8
Indiana,9.6
Iowa,6.5
Kansas,11.5
Kentucky,9.8
Louisiana,11.4
Maine,7.1
Maryland,9.8
Massachusetts,8.6
Michigan,10.6
Minnesota,7.5
Mississippi,6.2
Missouri,13.2
Montana,9.6
Nebraska,10.2
Nevada,6.9
New Hampshire,9.7
New Jersey,6.0
New Mexico,12.3
New York,7.9
North Carolina,7.3
North Dakota,9.2
Ohio,8.4
Oklahoma,12.4
Oregon,10.8
Pennsylvania,9.0
Rhode Island,8.5
South Carolina,9.4
South Dakota,6.3
Tennessee,11.0
Texas,9.6
Utah,12.1
Vermont,14.7
Virginia,11.6
Washington,12.7
West Virginia,7.7
Wisconsin,8.2
Wyoming,10.3
Alabama,22.8
Alaska,17.3
Arizona,19.8
Arkansas,26.6
California,15.6
Colorado,21.2
Connecticut,23.2
Delaware,20.7
District of Columbia,15.5
Florida,18.9
Georgia,19.5
Hawaii,13.3
Idaho,28.1
Illinois,22.1
Indiana,26.0
Iowa,25.4
Kansas,20.6
Kentucky,29.2
Louisiana,26.9
Maine,24.1
Maryland,21.1
Massachusetts,23.1
Michigan,19.6
Minnesota,25.4
Mississippi,24.7
Missouri,22.5
Montana,16.8
Nebraska,23.1
Nevada,15.4
New Hampshire,21.0
New Jersey,16.4
New Mexico,20.2
New York,19.6
North Carolina,23.6
North Dakota,19.0
Ohio,25.2
Oklahoma,27.3
Oregon,24.7
Pennsylvania,28.0
Rhode Island,24.7
South Carolina,19.0
South Dakota,18.0
Tennessee,28.9
Texas,17.0
Utah,24.3
Vermont,23.2
Virginia,22.6
Washington,19.9
West Virginia,24.2
Wisconsin,23.6
Wyoming,14.3
Alabama,7.7
Alaska,12.8
Arizona,7.3
Arkansas,8.6
California,10.6
Colorado,11.0
Connecticut,14.9
Delaware,10.2
District of Columbia,16.4
Florida,7.2
Georgia,9.2
Hawaii,7.3
Idaho,10.6
Illinois,12.6
Indiana,10.2
Iowa,10.4
Kansas,9.4
Kentucky,9.2
Louisiana,7.9
Maine,12.0
Maryland,12.6
Massachusetts,14.3
Michigan,9.7
Minnesota,9.7
Mississippi,9.8
Missouri,8.1
Montana,8.5
Nebraska,11.6
Nevada,7.8
New Hampshire,10.7
New Jersey,9.9
New Mexico,10.9
New York,11.6
North Carolina,11.1
North Dakota,5.2
Ohio,7.7
Oklahoma,8.5
Oregon,15.3
Pennsylvania,13.0
Rhode Island,15.2
South Carolina,6.4
South Dakota,8.1
Tennessee,9.8
Texas,7.1
Utah,10.3
Vermont,13.9
Virginia,11.0
Washington,10.1
West Virginia,5.6
Wisconsin,13.0
Wyoming,7.4
Alabama,24.4
Alaska,22.5
Arizona,22.0
Arkansas,27.8
California,20.6
Colorado,24.9
Connecticut,29.4
Delaware,23.4
District of Columbia,23.6
Florida,20.9
Georgia,22.7
Hawaii,16.1
Idaho,31.3
Illinois,26.7
Indiana,29.4
Iowa,27.6
Kansas,23.8
Kentucky,31.7
Louisiana,29.5
Maine,27.8
Maryland,25.4
Massachusetts,27.9
Michigan,22.6
Minnesota,27.6
Mississippi,25.4
Missouri,25.1
Montana,20.6
Nebraska,28.0
Nevada,19.3
New Hampshire,24.0
New Jersey,20.5
New Mexico,23.2
New York,23.8
North Carolina,26.5
North Dakota,20.6
Ohio,26.3
Oklahoma,29.3
Oregon,29.9
Pennsylvania,31.5
Rhode Island,29.6
South Carolina,20.2
South Dakota,19.4
Tennessee,30.3
Texas,19.0
Utah,28.4
Vermont,29.7
Virginia,25.4
Washington,23.1
West Virginia,24.9
Wisconsin,29.1
Wyoming,17.4
Alabama,9.8
Alaska,9.5
Arizona,11.0
Arkansas,7.9
California,12.4
Colorado,10.6
Connecticut,9.4
Delaware,7.5
District of Columbia,10.2
Florida,8.6
Georgia,9.2
Hawaii,3.3
Idaho,10.4
Illinois,8.7
Indiana,9.2
Iowa,8.1
Kansas,10.4
Kentucky,10.1
Louisiana,9.5
Maine,9.3
Maryland,8.8
Massachusetts,8.9
Michigan,8.7
Minnesota,10.8
Mississippi,9.9
Missouri,8.7
Montana,7.5
Nebraska,8.8
Nevada,8.4
New Hampshire,8.5
New Jersey,7.5
New Mexico,10.8
New York,9.8
North Carolina,8.6
North Dakota,5.8
Ohio,11.4
Oklahoma,11.7
Oregon,13.7
Pennsylvania,10.4
Rhode Island,7.6
South Carolina,7.9
South Dakota,5.4
Tennessee,11.2
Texas,12.4
Utah,11.4
Vermont,10.0
Virginia,10.4
Washington,10.3
West Virginia,8.7
Wisconsin,8.7
Wyoming,7.7
Alabama,25.5
Alaska,14.0
Arizona,19.6
Arkansas,23.9
California,17.1
Colorado,21.5
Connecticut,18.0
Delaware,16.7
District of Columbia,17.0
Florida,21.3
Georgia,17.7
Hawaii,12.2
Idaho,24.6
Illinois,22.0
Indiana,24.1
Iowa,28.5
Kansas,19.8
Kentucky,28.8
Louisiana,27.8
Maine,24.3
Maryland,19.1
Massachusetts,22.8
Michigan,22.3
Minnesota,28.7
Mississippi,19.5
Missouri,23.8
Montana,19.9
Nebraska,20.3
Nevada,17.6
New Hampshire,25.2
New Jersey,19.7
New Mexico,19.4
New York,19.6
North Carolina,24.4
North Dakota,29.5
Ohio,23.3
Oklahoma,25.1
Oregon,24.4
Pennsylvania,23.1
Rhode Island,28.4
South Carolina,25.3
South Dakota,24.9
Tennessee,24.0
Texas,17.5
Utah,25.4
Vermont,25.6
Virginia,22.9
Washington,21.6
West Virginia,26.3
Wisconsin,19.8
Wyoming,21.0
Alabama,7.5
Alaska,10.4
Arizona,7.6
Arkansas,7.9
California,11.0
Colorado,13.6
Connecticut,11.4
Delaware,11.1
District of Columbia,15.4
Florida,10.9
Georgia,9.3
Hawaii,10.3
Idaho,10.0
Illinois,11.6
Indiana,7.6
Iowa,8.7
Kansas,8.6
Kentucky,9.7
Louisiana,8.3
Maine,12.5
Maryland,11.9
Massachusetts,11.9
Michigan,8.7
Minnesota,13.3
Mississippi,4.6
Missouri,8.3
Montana,10.5
Nebraska,8.1
Nevada,8.2
New Hampshire,9.7
New Jersey,10.6
New Mexico,11.6
New York,13.1
North Carolina,11.6
North Dakota,10.6
Ohio,8.6
Oklahoma,9.9
Oregon,11.3
Pennsylvania,10.5
Rhode Island,18.6
South Carolina,9.6
South Dakota,8.9
Tennessee,8.6
Texas,6.5
Utah,11.4
Vermont,15.0
Virginia,10.8
Washington,11.1
West Virginia,7.9
Wisconsin,9.4
Wyoming,8.0
Alabama,27.0
Alaska,18.5
Arizona,22.5
Arkansas,26.7
California,21.0
Colorado,26.7
Connecticut,21.7
Delaware,19.5
District of Columbia,25.0
Florida,25.1
Georgia,21.5
Hawaii,17.9
Idaho,28.2
Illinois,25.5
Indiana,26.2
Iowa,30.7
Kansas,21.4
Kentucky,30.9
Louisiana,29.8
Maine,29.3
Maryland,22.4
Massachusetts,26.5
Michigan,24.9
Minnesota,32.9
Mississippi,20.8
Missouri,26.4
Montana,23.4
Nebraska,22.8
Nevada,21.7
New Hampshire,28.1
New Jersey,24.1
New Mexico,22.9
New York,24.6
North Carolina,27.8
North Dakota,30.6
Ohio,25.8
Oklahoma,26.8
Oregon,28.7
Pennsylvania,26.8
Rhode Island,31.0
South Carolina,29.4
South Dakota,27.7
Tennessee,26.9
Texas,20.2
Utah,28.9
Vermont,31.4
Virginia,25.5
Washington,25.7
West Virginia,27.6
Wisconsin,22.8
Wyoming,23.8
Alabama,13.5
Alaska,9.0
Arizona,8.3
Arkansas,7.9
California,10.5
Colorado,12.1
Connecticut,6.6
Delaware,9.0
District of Columbia,12.9
Florida,10.4
Georgia,7.9
Hawaii,7.1
Idaho,9.4
Illinois,12.3
Indiana,9.7
Iowa,9.9
Kansas,9.8
Kentucky,8.7
Louisiana,8.3
Maine,12.4
Maryland,7.6
Massachusetts,7.9
Michigan,7.3
Minnesota,11.6
Mississippi,9.4
Missouri,10.0
Montana,7.0
Nebraska,8.0
Nevada,12.2
New Hampshire,10.8
New Jersey,9.9
New Mexico,9.0
New York,8.5
North Carolina,8.8
North Dakota,9.7
Ohio,8.3
Oklahoma,9.5
Oregon,15.0
Pennsylvania,8.5
Rhode Island,4.4
South Carolina,11.6
South Dakota,8.0
Tennessee,7.6
Texas,12.1
Utah,12.7
Virginia,8.0
Washington,12.3
West Virginia,8.5
Wisconsin,7.8
Alabama,22.2
Alaska,18.6
Arizona,19.3
Arkansas,25.7
California,16.3
Colorado,20.0
Connecticut,20.8
Delaware,21.8
District of Columbia,25.1
Florida,19.6
Georgia,20.5
Hawaii,14.4
Idaho,26.3
Illinois,21.6
Indiana,27.6
Iowa,28.1
Kansas,22.1
Kentucky,24.4
Louisiana,29.2
Maine,27.1
Maryland,21.8
Massachusetts,20.6
Michigan,22.4
Minnesota,26.6
Mississippi,22.4
Missouri,23.9
Montana,22.4
Nebraska,21.2
Nevada,17.9
New Hampshire,20.9
New Jersey,18.4
New Mexico,23.0
New York,16.6
North Carolina,22.5
North Dakota,25.1
Ohio,23.4
Oklahoma,27.5
Oregon,21.0
Pennsylvania,21.5
Rhode Island,24.9
South Carolina,25.0
South Dakota,21.2
Tennessee,22.5
Texas,20.5
Utah,26.9
Vermont,24.4
Virginia,19.6
Washington,21.0
West Virginia,24.9
Wisconsin,20.6
Wyoming,19.5
Alabama,9.0
Alaska,12.6
Arizona,9.2
Arkansas,7.3
California,9.5
Colorado,12.3
Connecticut,12.6
Delaware,12.7
District of Columbia,18.5
Florida,8.6
Georgia,7.4
Hawaii,8.6
Idaho,10.2
Illinois,10.1
Indiana,9.1
Iowa,9.5
Kansas,8.9
Kentucky,9.4
Louisiana,10.6
Maine,15.1
Maryland,13.7
Massachusetts,14.5
Michigan,10.6
Minnesota,11.2
Mississippi,5.8
Missouri,9.8
Montana,8.6
Nebraska,9.5
Nevada,6.4
New Hampshire,9.1
New Jersey,11.1
New Mexico,11.0
New York,11.3
North Carolina,9.9
North Dakota,8.0
Ohio,6.9
Oklahoma,8.5
Oregon,12.1
Pennsylvania,11.0
Rhode Island,14.7
South Carolina,7.5
South Dakota,6.9
Tennessee,9.0
Texas,7.1
Utah,9.8
Vermont,12.0
Virginia,10.2
Washington,11.2
West Virginia,11.0
Wisconsin,9.6
Wyoming,4.8
Alabama,24.8
Alaska,22.6
Arizona,22.0
Arkansas,26.8
California,19.9
Colorado,26.4
Connecticut,24.7
Delaware,24.9
District of Columbia,29.8
Florida,22.3
Georgia,22.8
Hawaii,16.9
Idaho,28.4
Illinois,25.4
Indiana,29.2
Iowa,30.5
Kansas,26.2
Kentucky,26.9
Louisiana,30.9
Maine,33.3
Maryland,25.8
Massachusetts,25.8
Michigan,25.7
Minnesota,30.2
Mississippi,23.9
Missouri,25.8
Montana,26.6
Nebraska,22.8
Nevada,19.5
New Hampshire,22.8
New Jersey,22.6
New Mexico,26.5
New York,20.7
North Carolina,25.7
North Dakota,26.9
Ohio,25.3
Oklahoma,29.8
Oregon,26.3
Pennsylvania,26.6
Rhode Island,30.9
South Carolina,27.9
South Dakota,23.5
Tennessee,24.9
Texas,22.3
Utah,29.8
Vermont,29.5
Virginia,22.8
Washington,25.4
West Virginia,29.2
Wisconsin,23.3
Wyoming,20.5
Alabama,12.8
Alaska,8.9
Arizona,9.0
Arkansas,10.6
California,10.4
Colorado,10.0
Connecticut,7.0
Delaware,7.7
District of Columbia,8.7
Florida,10.6
Georgia,11.0
Hawaii,5.5
Idaho,13.0
Illinois,7.6
Indiana,9.2
Iowa,11.1
Kansas,10.4
Kentucky,12.7
Louisiana,11.6
Maine,9.8
Maryland,8.7
Massachusetts,9.7
Michigan,8.3
Minnesota,8.1
Mississippi,12.2
Missouri,10.7
Montana,12.4
Nebraska,9.7
Nevada,13.7
New Hampshire,11.2
New Jersey,8.4
New Mexico,10.0
New York,6.6
North Carolina,11.3
North Dakota,10.3
Ohio,9.2
Oklahoma,15.9
Oregon,12.2
Pennsylvania,8.6
Rhode Island,9.1
South Carolina,10.3
South Dakota,9.2
Tennessee,8.5
Texas,10.2
Utah,12.6
Virginia,8.6
Washington,11.7
West Virginia,13.0
Wisconsin,6.8
Wyoming,9.2
Alabama,26.0
Alaska,17.1
Arizona,20.6
Arkansas,23.1
California,16.2
Colorado,20.5
Connecticut,20.3
Delaware,22.5
District of Columbia,19.9
Florida,18.0
Georgia,21.8
Hawaii,15.9
Idaho,28.4
Illinois,20.5
Indiana,24.0
Iowa,22.5
Kansas,21.7
Kentucky,24.0
Louisiana,25.0
Maine,24.6
Maryland,21.9
Massachusetts,26.3
Michigan,24.3
Minnesota,21.7
Mississippi,21.8
Missouri,25.1
Montana,23.5
Nebraska,25.1
Nevada,16.9
New Hampshire,23.6
New Jersey,18.8
New Mexico,23.1
New York,18.0
North Carolina,28.1
North Dakota,20.2
Ohio,24.9
Oklahoma,26.6
Oregon,24.2
Pennsylvania,23.9
Rhode Island,25.9
South Carolina,25.3
South Dakota,18.5
Tennessee,24.9
Texas,17.1
Utah,26.9
Vermont,27.2
Virginia,22.6
Washington,23.1
West Virginia,27.2
Wisconsin,20.0
Wyoming,17.0
Alabama,11.7
Alaska,11.3
Arizona,10.3
Arkansas,9.3
California,11.5
Colorado,12.4
Connecticut,12.5
Delaware,10.3
District of Columbia,21.1
Florida,8.6
Georgia,9.7
Hawaii,7.4
Idaho,12.4
Illinois,13.1
Indiana,8.7
Iowa,9.4
Kansas,8.8
Kentucky,8.4
Louisiana,9.4
Maine,13.5
Maryland,11.9
Massachusetts,16.3
Michigan,12.5
Minnesota,12.5
Mississippi,10.2
Missouri,9.0
Montana,11.4
Nebraska,9.8
Nevada,8.6
New Hampshire,13.3
New Jersey,9.6
New Mexico,10.6
New York,12.3
North Carolina,12.3
North Dakota,6.8
Ohio,9.8
Oklahoma,12.9
Oregon,14.2
Pennsylvania,12.4
Rhode Island,17.0
South Carolina,9.1
South Dakota,5.9
Tennessee,8.6
Texas,8.2
Utah,12.4
Vermont,8.5
Virginia,9.7
Washington,11.7
West Virginia,8.9
Wisconsin,9.2
Wyoming,10.0
Alabama,28.3
Alaska,21.1
Arizona,24.0
Arkansas,25.6
California,22.0
Colorado,25.7
Connecticut,25.2
Delaware,26.2
District of Columbia,30.7
Florida,21.2
Georgia,25.7
Hawaii,18.7
Idaho,31.5
Illinois,24.9
Indiana,27.0
Iowa,25.9
Kansas,24.4
Kentucky,26.5
Louisiana,28.3
Maine,28.7
Maryland,25.4
Massachusetts,30.7
Michigan,28.9
Minnesota,25.6
Mississippi,25.3
Missouri,27.1
Montana,28.0
Nebraska,26.3
Nevada,20.3
New Hampshire,31.2
New Jersey,22.3
New Mexico,26.6
New York,21.8
North Carolina,32.1
North Dakota,21.5
Ohio,27.6
Oklahoma,29.7
Oregon,29.2
Pennsylvania,28.1
Rhode Island,28.9
South Carolina,29.3
South Dakota,20.8
Tennessee,27.0
Texas,19.7
Utah,30.3
Vermont,29.8
Virginia,25.3
Washington,26.4
West Virginia,29.7
Wisconsin,23.5
Wyoming,22.2
Alabama,10.0
Alaska,10.4
Arizona,14.9
Arkansas,10.3
California,9.4
Colorado,12.4
Connecticut,6.4
Delaware,9.0
District of Columbia,11.8
Florida,8.2
Georgia,13.1
Idaho,10.7
Illinois,8.2
Indiana,9.0
Iowa,7.6
Kansas,8.7
Kentucky,9.0
Louisiana,9.1
Maine,10.5
Maryland,11.6
Massachusetts,10.3
Michigan,11.9
Minnesota,7.3
Mississippi,6.8
Missouri,13.2
Montana,9.9
Nebraska,8.0
Nevada,9.6
New Hampshire,7.6
New Jersey,6.7
New Mexico,13.8
New York,10.8
North Carolina,10.3
North Dakota,7.2
Ohio,9.2
Oklahoma,15.7
Oregon,15.5
Pennsylvania,9.9
Rhode Island,10.1
South Carolina,9.9
South Dakota,10.7
Tennessee,10.7
Texas,13.0
Utah,11.5
Vermont,6.4
Virginia,9.5
Washington,11.4
West Virginia,5.9
Wisconsin,8.6
Wyoming,10.1
Alabama,26.8
Alaska,25.9
Arizona,21.2
Arkansas,30.6
California,17.8
Colorado,23.6
Connecticut,20.9
Delaware,21.1
District of Columbia,23.6
Florida,21.5
Georgia,24.7
Hawaii,13.1
Idaho,24.4
Illinois,22.0
Indiana,28.7
Iowa,23.8
Kansas,24.9
Kentucky,24.9
Louisiana,29.1
Maine,26.7
Maryland,19.7
Massachusetts,25.7
Michigan,19.8
Minnesota,29.8
Mississippi,28.7
Missouri,27.4
Montana,23.9
Nebraska,26.2
Nevada,18.0
New Hampshire,24.0
New Jersey,20.4
New Mexico,19.9
New York,17.1
North Carolina,26.3
North Dakota,21.8
Ohio,27.6
Oklahoma,28.6
Oregon,24.4
Pennsylvania,23.1
Rhode Island,27.7
South Carolina,22.9
South Dakota,20.0
Tennessee,21.4
Texas,18.8
Utah,27.9
Vermont,21.1
Virginia,23.6
Washington,21.7
West Virginia,30.4
Wisconsin,25.0
Wyoming,22.6
Alabama,9.5
Alaska,12.4
Arizona,8.0
Arkansas,12.2
California,11.5
Colorado,14.2
Connecticut,11.4
Delaware,10.1
District of Columbia,21.8
Florida,8.8
Georgia,12.8
Hawaii,10.3
Idaho,9.5
Illinois,14.7
Indiana,8.6
Iowa,10.2
Kansas,9.3
Kentucky,8.8
Louisiana,13.7
Maine,12.3
Maryland,15.0
Massachusetts,15.4
Michigan,11.1
Minnesota,11.9
Mississippi,10.2
Missouri,10.6
Montana,9.0
Nebraska,8.5
Nevada,10.1
New Hampshire,11.2
New Jersey,9.0
New Mexico,10.5
New York,10.7
North Carolina,11.3
North Dakota,5.9
Ohio,11.3
Oklahoma,11.1
Oregon,14.3
Pennsylvania,10.4
Rhode Island,14.4
South Carolina,8.0
South Dakota,7.0
Tennessee,6.1
Texas,8.9
Utah,11.3
Vermont,15.2
Virginia,9.3
Washington,12.3
West Virginia,9.3
Wisconsin,7.5
Wyoming,10.2
Alabama,29.0
Alaska,30.6
Arizona,23.8
Arkansas,33.3
California,22.0
Colorado,27.8
Connecticut,25.1
Delaware,25.2
District of Columbia,33.5
Florida,23.8
Georgia,27.9
Hawaii,19.6
Idaho,26.8
Illinois,26.4
Indiana,30.7
Iowa,28.7
Kansas,29.2
Kentucky,26.3
Louisiana,32.8
Maine,30.9
Maryland,24.4
Massachusetts,30.1
Michigan,24.8
Minnesota,32.9
Mississippi,30.8
Missouri,30.1
Montana,28.8
Nebraska,28.2
Nevada,20.8
New Hampshire,28.1
New Jersey,23.2
New Mexico,24.7
New York,22.4
North Carolina,30.3
North Dakota,22.6
Ohio,29.6
Oklahoma,31.3
Oregon,30.5
Pennsylvania,25.9
Rhode Island,30.5
South Carolina,25.4
South Dakota,21.3
Tennessee,23.7
Texas,21.8
Utah,31.3
Vermont,26.2
Virginia,25.8
Washington,27.2
West Virginia,31.7
Wisconsin,27.3
Wyoming,26.6
Alabama,15.1
Alaska,15.5
Arizona,10.0
Arkansas,12.0
California,11.7
Colorado,12.2
Connecticut,5.7
Delaware,9.5
District of Columbia,10.0
Florida,9.9
Georgia,15.7
Hawaii,10.0
Idaho,8.6
Illinois,12.0
Indiana,11.8
Iowa,12.7
Kansas,9.9
Kentucky,8.8
Louisiana,16.2
Maine,10.8
Maryland,9.9
Massachusetts,9.7
Michigan,9.0
Minnesota,12.6
Mississippi,12.4
Missouri,11.5
Montana,11.8
Nebraska,7.9
Nevada,11.6
New Hampshire,10.9
New Jersey,11.0
New Mexico,10.9
New York,8.9
North Carolina,11.9
North Dakota,10.3
Ohio,12.3
Oklahoma,14.7
Oregon,13.2
Pennsylvania,11.5
Rhode Island,8.7
South Carolina,8.2
South Dakota,8.1
Tennessee,10.4
Texas,12.7
Utah,15.8
Vermont,11.3
Virginia,9.6
Washington,14.5
West Virginia,9.3
Wisconsin,11.4
Wyoming,13.1
Alabama,25.8
Alaska,17.2
Arizona,19.7
Arkansas,24.3
California,15.9
Colorado,22.8
Connecticut,21.5
Delaware,26.1
District of Columbia,18.9
Florida,22.2
Georgia,22.7
Hawaii,10.9
Idaho,23.5
Illinois,22.8
Indiana,26.3
Iowa,26.7
Kansas,25.3
Kentucky,30.8
Louisiana,24.3
Maine,26.0
Maryland,21.0
Massachusetts,23.4
Michigan,23.8
Minnesota,25.8
Mississippi,26.2
Missouri,28.6
Montana,20.3
Nebraska,24.4
Nevada,17.0
New Hampshire,25.7
New Jersey,18.4
New Mexico,22.3
New York,18.1
North Carolina,24.7
North Dakota,22.1
Ohio,23.9
Oklahoma,28.1
Oregon,24.2
Pennsylvania,25.2
Rhode Island,26.7
South Carolina,23.2
South Dakota,23.4
Tennessee,24.7
Texas,19.3
Utah,27.2
Vermont,29.5
Virginia,20.8
Washington,23.3
West Virginia,28.3
Wisconsin,25.1
Wyoming,21.4
Alabama,7.0
Alaska,9.5
Arizona,10.9
Arkansas,6.5
California,10.4
Colorado,12.8
Connecticut,11.5
Delaware,9.9
District of Columbia,17.7
Florida,8.5
Georgia,9.5
Hawaii,10.8
Idaho,8.5
Illinois,9.0
Indiana,10.1
Iowa,8.9
Kansas,10.3
Kentucky,10.0
Louisiana,8.4
Maine,13.5
Maryland,10.5
Massachusetts,14.7
Michigan,10.3
Minnesota,11.8
Mississippi,7.2
Missouri,11.3
Montana,8.6
Nebraska,9.3
Nevada,10.7
New Hampshire,10.6
New Jersey,8.6
New Mexico,13.6
New York,13.6
North Carolina,8.3
North Dakota,9.5
Ohio,8.4
Oklahoma,10.8
Oregon,12.2
Pennsylvania,10.5
Rhode Island,15.9
South Carolina,10.0
South Dakota,8.0
Tennessee,7.2
Texas,9.1
Utah,10.9
Vermont,17.6
Virginia,7.9
Washington,12.2
West Virginia,6.9
Wisconsin,8.6
Alabama,28.0
Alaska,20.8
Arizona,24.1
Arkansas,26.5
California,20.8
Colorado,28.0
Connecticut,24.6
Delaware,28.7
District of Columbia,30.8
Florida,25.7
Georgia,25.9
Hawaii,16.3
Idaho,28.1
Illinois,25.0
Indiana,29.8
Iowa,29.1
Kansas,28.9
Kentucky,33.5
Louisiana,25.8
Maine,30.1
Maryland,24.8
Massachusetts,28.1
Michigan,27.7
Minnesota,29.9
Mississippi,27.7
Missouri,30.5
Montana,24.5
Nebraska,26.0
Nevada,20.5
New Hampshire,28.8
New Jersey,21.7
New Mexico,27.6
New York,23.7
North Carolina,27.2
North Dakota,25.9
Ohio,25.6
Oklahoma,31.0
Oregon,29.5
Pennsylvania,28.9
Rhode Island,30.9
South Carolina,27.4
South Dakota,24.8
Tennessee,26.8
Texas,22.7
Utah,31.2
Vermont,35.4
Virginia,23.3
Washington,27.7
West Virginia,29.9
Wisconsin,28.1
Wyoming,22.9
Alabama,12.5
Alaska,12.5
Arizona,13.1
Arkansas,10.4
California,10.8
Colorado,14.1
Connecticut,8.2
Delaware,8.4
District of Columbia,15.2
Florida,9.7
Georgia,13.4
Hawaii,8.1
Idaho,10.0
Illinois,9.8
Indiana,12.0
Iowa,9.0
Kansas,11.8
Kentucky,13.3
Louisiana,10.1
Maine,8.5
Maryland,7.9
Massachusetts,10.5
Michigan,11.6
Minnesota,11.2
Mississippi,8.7
Missouri,10.7
Montana,9.6
Nebraska,11.4
Nevada,9.7
New Hampshire,11.6
New Jersey,6.9
New Mexico,12.5
New York,7.9
North Carolina,9.4
North Dakota,6.6
Ohio,9.8
Oklahoma,11.5
Oregon,15.1
Pennsylvania,9.1
Rhode Island,7.3
South Carolina,10.9
South Dakota,8.2
Tennessee,10.8
Texas,11.3
Utah,13.7
Vermont,9.6
Virginia,10.3
Washington,12.9
West Virginia,10.1
Wisconsin,8.8
Wyoming,12.3
Alabama,31.4
Alaska,21.6
Arizona,18.5
Arkansas,27.0
California,16.0
Colorado,20.3
Connecticut,22.5
Delaware,18.8
District of Columbia,23.0
Florida,21.1
Georgia,19.1
Hawaii,13.7
Idaho,22.6
Illinois,20.4
Indiana,26.3
Iowa,30.1
Kansas,23.4
Kentucky,30.1
Louisiana,24.9
Maine,23.5
Maryland,18.6
Massachusetts,24.3
Michigan,21.5
Minnesota,23.8
Mississippi,24.7
Missouri,23.3
Montana,23.3
Nebraska,29.0
Nevada,16.1
New Hampshire,26.4
New Jersey,18.5
New Mexico,20.0
New York,16.8
North Carolina,26.6
North Dakota,30.1
Ohio,27.2
Oklahoma,25.7
Oregon,22.5
Pennsylvania,25.2
Rhode Island,24.0
South Carolina,27.5
South Dakota,26.5
Tennessee,24.9
Texas,17.4
Utah,27.4
Vermont,27.4
Virginia,20.8
Washington,23.7
West Virginia,30.8
Wisconsin,22.7
Wyoming,21.7
Alabama,9.9
Alaska,8.9
Arizona,8.5
Arkansas,9.5
California,12.1
Colorado,12.9
Connecticut,14.6
Delaware,10.6
District of Columbia,20.3
Florida,7.1
Georgia,7.8
Hawaii,7.9
Idaho,9.2
Illinois,9.6
Indiana,9.8
Iowa,9.7
Kansas,9.4
Kentucky,10.1
Louisiana,10.1
Maine,12.9
Maryland,14.0
Massachusetts,14.2
Michigan,11.6
Minnesota,10.1
Mississippi,8.5
Missouri,10.8
Montana,9.2
Nebraska,10.4
Nevada,9.4
New Hampshire,8.3
New Jersey,10.6
New Mexico,11.2
New York,11.8
North Carolina,9.9
North Dakota,9.3
Ohio,10.0
Oklahoma,9.8
Oregon,10.3
Pennsylvania,11.3
Rhode Island,12.9
South Carolina,7.8
South Dakota,8.9
Tennessee,8.2
Texas,6.9
Utah,11.8
Vermont,12.0
Virginia,10.7
Washington,11.3
West Virginia,8.4
Wisconsin,9.9
Wyoming,8.6
Alabama,33.0
Alaska,23.8
Arizona,21.2
Arkansas,29.8
California,21.7
Colorado,27.0
Connecticut,27.4
Delaware,23.4
District of Columbia,29.2
Florida,22.8
Georgia,21.6
Hawaii,17.0
Idaho,27.7
Illinois,23.0
Indiana,29.4
Iowa,33.6
Kansas,26.9
Kentucky,32.7
Louisiana,29.2
Maine,28.4
Maryland,24.9
Massachusetts,29.5
Michigan,25.8
Minnesota,27.6
Mississippi,26.5
Missouri,26.1
Montana,26.9
Nebraska,32.4
Nevada,19.8
New Hampshire,29.0
New Jersey,21.8
New Mexico,24.4
New York,21.5
North Carolina,28.9
North Dakota,33.3
Ohio,29.5
Oklahoma,29.6
Oregon,25.8
Pennsylvania,28.8
Rhode Island,29.5
South Carolina,29.9
South Dakota,28.0
Tennessee,27.3
Texas,20.3
Utah,31.8
Vermont,32.9
Virginia,24.5
Washington,28.0
West Virginia,32.7
Wisconsin,25.4
Wyoming,24.2
Alabama,12.7
Alaska,12.2
Arizona,11.6
Arkansas,12.3
California,9.2
Colorado,15.1
Connecticut,10.6
Delaware,11.8
District of Columbia,15.2
Florida,10.4
Georgia,11.0
Hawaii,7.0
Idaho,11.2
Illinois,9.6
Indiana,12.2
Iowa,9.5
Kansas,10.3
Kentucky,10.9
Louisiana,12.7
Maine,13.0
Maryland,10.7
Massachusetts,11.3
Michigan,13.0
Minnesota,11.9
Mississippi,10.7
Missouri,11.8
Montana,11.0
Nebraska,8.8
Nevada,13.4
New Hampshire,9.6
New Jersey,10.6
New Mexico,10.1
New York,9.8
North Carolina,13.3
North Dakota,7.9
Ohio,15.1
Oklahoma,10.4
Oregon,14.7
Pennsylvania,9.9
Rhode Island,9.4
South Carolina,14.6
South Dakota,9.8
Tennessee,11.5
Texas,11.9
Utah,13.2
Vermont,9.2
Virginia,9.1
Washington,12.7
West Virginia,11.8
Wisconsin,10.7
Wyoming,7.2
Alabama,25.6
Alaska,16.5
Arizona,19.0
Arkansas,28.3
California,17.2
Colorado,23.7
Connecticut,24.9
Delaware,22.2
District of Columbia,21.3
Florida,21.4
Georgia,20.5
Hawaii,11.8
Idaho,23.9
Illinois,21.5
Indiana,26.0
Iowa,26.1
Kansas,29.0
Kentucky,25.8
Louisiana,27.6
Maine,26.7
Maryland,20.1
Massachusetts,27.4
Michigan,25.2
Minnesota,19.7
Mississippi,25.1
Missouri,24.3
Montana,22.5
Nebraska,25.2
Nevada,17.4
New Hampshire,26.5
New Jersey,21.0
New Mexico,22.7
New York,17.2
North Carolina,25.9
North Dakota,22.3
Ohio,27.2
Oklahoma,23.8
Oregon,24.7
Pennsylvania,24.5
Rhode Island,27.1
South Carolina,26.8
South Dakota,20.3
Tennessee,25.0
Texas,19.7
Utah,26.6
Vermont,29.3
Virginia,23.5
Washington,22.1
West Virginia,27.7
Wisconsin,24.3
Wyoming,20.6
Alabama,6.2
Alaska,11.3
Arizona,8.5
Arkansas,9.8
California,10.2
Colorado,14.6
Connecticut,13.8
Delaware,11.2
District of Columbia,20.1
Florida,8.0
Georgia,8.0
Hawaii,8.1
Idaho,10.5
Illinois,10.8
Indiana,9.6
Iowa,10.9
Kansas,11.9
Kentucky,12.3
Louisiana,6.8
Maine,10.6
Maryland,10.7
Massachusetts,16.1
Michigan,10.0
Minnesota,9.2
Mississippi,8.1
Missouri,9.4
Montana,10.7
Nebraska,9.2
Nevada,7.4
New Hampshire,12.5
New Jersey,8.8
New Mexico,10.6
New York,11.4
North Carolina,10.4
North Dakota,10.9
Ohio,12.3
Oklahoma,7.3
Oregon,13.1
Pennsylvania,11.5
Rhode Island,14.3
South Carolina,10.4
South Dakota,5.4
Tennessee,10.5
Texas,10.2
Utah,9.3
Vermont,11.8
Virginia,11.9
Washington,12.5
West Virginia,5.8
Wisconsin,9.8
Wyoming,5.5
Alabama,27.7
Alaska,22.9
Arizona,21.6
Arkansas,30.9
California,21.2
Colorado,28.6
Connecticut,28.8
Delaware,24.7
District of Columbia,29.0
Florida,24.0
Georgia,22.7
Hawaii,16.7
Idaho,27.1
Illinois,24.5
Indiana,28.6
Iowa,29.4
Kansas,33.6
Kentucky,29.8
Louisiana,29.5
Maine,29.7
Maryland,24.8
Massachusetts,33.0
Michigan,28.3
Minnesota,22.0
Mississippi,27.3
Missouri,26.3
Montana,24.5
Nebraska,28.1
Nevada,20.2
New Hampshire,30.0
New Jersey,24.7
New Mexico,25.4
New York,21.1
North Carolina,28.4
North Dakota,26.3
Ohio,30.2
Oklahoma,26.0
Oregon,30.8
Pennsylvania,28.3
Rhode Island,31.7
South Carolina,29.4
South Dakota,21.5
Tennessee,28.3
Texas,24.4
Utah,30.7
Vermont,33.8
Virginia,26.0
Washington,27.2
West Virginia,28.6
Wisconsin,26.6
Wyoming,23.1
Alabama,13.6
Alaska,10.6
Arizona,12.0
Arkansas,10.2
California,10.8
Colorado,11.7
Connecticut,10.1
Delaware,7.5
District of Columbia,14.2
Florida,11.2
Georgia,10.3
Hawaii,8.4
Idaho,12.7
Illinois,11.6
Indiana,11.4
Iowa,8.4
Kansas,14.3
Kentucky,10.6
Louisiana,12.2
Maine,11.6
Maryland,9.8
Massachusetts,9.9
Michigan,12.5
Minnesota,9.5
Mississippi,10.0
Missouri,12.4
Montana,9.7
Nebraska,8.9
Nevada,12.3
New Hampshire,12.8
New Jersey,8.9
New Mexico,13.9
New York,10.3
North Carolina,11.3
Ohio,12.5
Oklahoma,12.9
Oregon,15.8
Pennsylvania,8.7
Rhode Island,11.8
South Carolina,10.6
South Dakota,6.7
Tennessee,11.8
Texas,14.6
Utah,17.7
Virginia,10.7
Washington,11.9
West Virginia,7.8
Wisconsin,7.2
Alabama,25.6
Alaska,18.0
Arizona,21.0
Arkansas,28.5
California,17.0
Colorado,23.1
Connecticut,22.6
Delaware,19.8
District of Columbia,23.4
Florida,20.7
Georgia,22.9
Hawaii,14.4
Idaho,25.9
Illinois,22.1
Indiana,24.3
Iowa,27.9
Kansas,29.5
Kentucky,28.9
Louisiana,23.3
Maine,27.3
Maryland,21.3
Massachusetts,24.0
Michigan,23.3
Minnesota,24.0
Mississippi,24.3
Missouri,30.3
Montana,25.5
Nebraska,21.3
Nevada,20.2
New Hampshire,27.2
New Jersey,16.5
New Mexico,24.9
New York,20.4
North Carolina,24.5
North Dakota,20.9
Ohio,23.4
Oklahoma,26.5
Oregon,25.9
Pennsylvania,25.9
Rhode Island,26.8
South Carolina,26.4
South Dakota,28.8
Tennessee,25.6
Texas,19.5
Utah,25.9
Vermont,25.2
Virginia,19.5
Washington,26.1
West Virginia,30.8
Wisconsin,25.1
Wyoming,22.7
Alabama,9.8
Alaska,10.0
Arizona,10.6
Arkansas,6.2
California,10.9
Colorado,11.4
Connecticut,14.1
Delaware,8.8
District of Columbia,17.9
Florida,7.6
Georgia,10.6
Hawaii,11.6
Idaho,8.7
Illinois,10.6
Indiana,8.6
Iowa,11.1
Kansas,9.2
Kentucky,11.6
Louisiana,9.7
Maine,11.6
Maryland,12.0
Massachusetts,12.7
Michigan,11.5
Minnesota,9.4
Mississippi,8.5
Missouri,9.1
Montana,9.7
Nebraska,10.9
Nevada,8.9
New Hampshire,12.4
New Jersey,9.2
New Mexico,11.4
New York,14.8
North Carolina,10.0
Ohio,8.1
Oklahoma,8.2
Oregon,13.3
Pennsylvania,11.1
Rhode Island,17.0
South Carolina,8.3
South Dakota,7.8
Tennessee,6.2
Texas,8.6
Utah,9.1
Vermont,17.3
Virginia,9.2
Washington,12.8
West Virginia,9.0
Wisconsin,9.4
Wyoming,8.2
Alabama,28.1
Alaska,21.1
Arizona,24.7
Arkansas,30.3
California,21.1
Colorado,27.4
Connecticut,27.2
Delaware,23.1
District of Columbia,29.2
Florida,23.2
Georgia,26.6
Hawaii,23.0
Idaho,27.9
Illinois,26.0
Indiana,27.5
Iowa,30.9
Kansas,31.1
Kentucky,31.6
Louisiana,26.9
Maine,30.0
Maryland,25.2
Massachusetts,28.7
Michigan,26.8
Minnesota,26.6
Mississippi,27.7
Missouri,32.9
Montana,28.7
Nebraska,25.3
Nevada,23.3
New Hampshire,30.1
New Jersey,19.5
New Mexico,28.7
New York,27.4
North Carolina,27.7
North Dakota,21.6
Ohio,25.9
Oklahoma,28.8
Oregon,31.3
Pennsylvania,29.9
Rhode Island,32.5
South Carolina,28.4
South Dakota,31.5
Tennessee,27.2
Texas,22.8
Utah,29.3
Vermont,31.1
Virginia,22.2
Washington,30.0
West Virginia,32.9
Wisconsin,28.2
Wyoming,25.6
Alabama,11.1
Alaska,16.3
Arizona,10.5
Arkansas,12.5
California,12.2
Colorado,13.7
Connecticut,10.0
Delaware,11.1
District of Columbia,14.7
Florida,8.8
Georgia,13.3
Hawaii,7.4
Idaho,12.6
Illinois,12.4
Indiana,11.9
Iowa,8.5
Kansas,15.3
Kentucky,9.1
Louisiana,14.1
Maine,9.0
Maryland,10.9
Massachusetts,10.9
Michigan,11.4
Minnesota,9.4
Mississippi,10.4
Missouri,18.4
Montana,7.4
Nebraska,10.3
Nevada,11.3
New Hampshire,8.1
New Jersey,11.9
New Mexico,15.7
New York,12.3
North Carolina,10.6
North Dakota,9.5
Ohio,9.1
Oklahoma,12.7
Oregon,13.7
Pennsylvania,7.9
Rhode Island,7.6
South Carolina,10.6
South Dakota,8.0
Tennessee,10.4
Texas,14.2
Utah,16.5
Vermont,5.9
Virginia,10.1
Washington,13.5
West Virginia,9.7
Wisconsin,10.1
Wyoming,10.4
Alabama,28.8
Alaska,21.6
Arizona,23.1
Arkansas,33.6
California,15.4
Colorado,25.6
Connecticut,19.6
Delaware,21.8
District of Columbia,18.3
Florida,17.3
Georgia,22.3
Hawaii,12.7
Idaho,25.4
Illinois,20.7
Indiana,28.2
Iowa,24.1
Kansas,26.2
Kentucky,28.6
Louisiana,30.8
Maine,23.4
Maryland,21.3
Massachusetts,24.0
Michigan,26.0
Minnesota,23.2
Mississippi,27.0
Missouri,27.8
Montana,17.5
Nebraska,25.8
Nevada,15.3
New Hampshire,25.7
New Jersey,20.5
New Mexico,21.8
New York,22.6
North Carolina,26.4
North Dakota,25.9
Ohio,26.2
Oklahoma,26.3
Oregon,26.0
Pennsylvania,28.3
Rhode Island,26.3
South Carolina,24.1
South Dakota,23.6
Tennessee,24.6
Texas,20.5
Utah,27.0
Vermont,20.6
Virginia,20.2
Washington,22.3
West Virginia,31.7
Wisconsin,18.0
Wyoming,27.4
Alabama,11.2
Alaska,12.6
Arizona,11.4
Arkansas,10.9
California,11.2
Colorado,13.3
Connecticut,8.6
Delaware,9.5
District of Columbia,15.0
Florida,7.6
Georgia,7.3
Hawaii,8.8
Idaho,7.4
Illinois,11.2
Indiana,9.5
Iowa,8.5
Kansas,9.3
Kentucky,8.3
Louisiana,9.1
Maine,12.3
Maryland,12.2
Massachusetts,17.2
Michigan,11.5
Minnesota,11.0
Mississippi,5.6
Missouri,11.2
Montana,12.2
Nebraska,9.8
Nevada,6.3
New Hampshire,11.6
New Jersey,9.6
New Mexico,9.9
New York,14.9
North Carolina,9.7
North Dakota,7.0
Ohio,12.3
Oklahoma,10.0
Oregon,12.9
Pennsylvania,12.0
Rhode Island,14.7
South Carolina,8.3
South Dakota,5.9
Tennessee,11.9
Texas,6.9
Utah,14.1
Vermont,13.2
Virginia,10.8
Washington,10.5
West Virginia,6.3
Wisconsin,9.1
Wyoming,9.5
Alabama,32.8
Alaska,25.2
Arizona,26.2
Arkansas,35.5
California,20.5
Colorado,31.7
Connecticut,22.8
Delaware,25.8
District of Columbia,26.0
Florida,19.9
Georgia,24.3
Hawaii,15.5
Idaho,26.6
Illinois,25.7
Indiana,31.0
Iowa,27.5
Kansas,29.3
Kentucky,31.8
Louisiana,32.5
Maine,27.8
Maryland,25.9
Massachusetts,30.9
Michigan,28.3
Minnesota,27.3
Mississippi,29.0
Missouri,30.2
Montana,24.8
Nebraska,28.9
Nevada,17.1
New Hampshire,28.3
New Jersey,24.3
New Mexico,26.2
New York,27.6
North Carolina,29.6
North Dakota,27.8
Ohio,30.2
Oklahoma,29.8
Oregon,30.9
Pennsylvania,32.0
Rhode Island,32.9
South Carolina,26.9
South Dakota,24.4
Tennessee,30.4
Texas,23.1
Utah,34.0
Vermont,27.7
Virginia,23.8
Washington,25.9
West Virginia,33.0
Wisconsin,20.4
Wyoming,28.7
Alabama,9.2
Alaska,11.9
Arizona,11.8
Arkansas,13.2
California,12.7
Colorado,13.1
Connecticut,9.1
Delaware,11.8
District of Columbia,13.5
Florida,10.0
Georgia,10.8
Hawaii,10.6
Idaho,11.5
Illinois,9.4
Indiana,11.3
Iowa,7.7
Kansas,10.7
Kentucky,17.8
Louisiana,10.1
Maine,11.5
Maryland,12.1
Massachusetts,12.3
Michigan,10.6
Minnesota,9.6
Mississippi,13.4
Missouri,13.7
Montana,9.1
Nebraska,11.9
Nevada,7.4
New Hampshire,6.8
New Jersey,8.1
New Mexico,8.3
New York,9.2
North Carolina,10.9
North Dakota,7.8
Ohio,10.5
Oklahoma,14.7
Oregon,15.8
Pennsylvania,11.0
Rhode Island,11.7
South Carolina,9.7
South Dakota,9.3
Tennessee,12.6
Texas,11.9
Utah,11.3
Vermont,12.1
Virginia,7.5
Washington,11.9
West Virginia,10.9
Wisconsin,5.9
Wyoming,8.1
Alabama,22.8
Alaska,14.5
Arizona,21.0
Arkansas,27.8
California,16.1
Colorado,22.1
Connecticut,23.9
Delaware,20.2
District of Columbia,21.2
Florida,21.1
Georgia,20.1
Hawaii,12.4
Idaho,26.8
Illinois,20.2
Indiana,24.0
Iowa,28.3
Kansas,25.9
Kentucky,31.7
Louisiana,21.8
Maine,31.2
Maryland,22.1
Massachusetts,22.3
Michigan,22.1
Minnesota,24.9
Mississippi,27.0
Missouri,28.9
Montana,22.8
Nebraska,24.5
Nevada,15.3
New Hampshire,22.9
New Jersey,15.3
New Mexico,20.0
New York,20.3
North Carolina,29.0
North Dakota,28.6
Ohio,24.5
Oklahoma,30.7
Oregon,24.3
Pennsylvania,23.5
Rhode Island,25.2
South Carolina,24.6
South Dakota,18.2
Tennessee,28.0
Texas,18.6
Utah,28.8
Vermont,22.7
Virginia,25.1
Washington,24.7
West Virginia,34.4
Wisconsin,28.2
Wyoming,20.1
Alabama,10.8
Alaska,10.7
Arizona,8.8
Arkansas,5.7
California,10.5
Colorado,11.7
Connecticut,12.9
Delaware,5.9
District of Columbia,20.1
Florida,8.7
Georgia,7.4
Hawaii,9.8
Idaho,9.5
Illinois,11.6
Indiana,7.8
Iowa,9.7
Kansas,8.6
Kentucky,8.8
Louisiana,8.6
Maine,13.1
Maryland,12.6
Massachusetts,11.1
Michigan,10.5
Minnesota,10.7
Mississippi,4.6
Missouri,9.3
Montana,10.9
Nebraska,11.1
Nevada,6.8
New Hampshire,10.2
New Jersey,9.8
New Mexico,9.3
New York,14.3
North Carolina,12.4
North Dakota,7.1
Ohio,10.9
Oklahoma,9.6
Oregon,12.1
Pennsylvania,10.9
Rhode Island,15.9
South Carolina,9.0
South Dakota,7.0
Tennessee,10.3
Texas,8.7
Utah,10.7
Vermont,14.6
Virginia,8.7
Washington,12.6
West Virginia,10.3
Wisconsin,11.5
Wyoming,10.7
Alabama,26.3
Alaska,19.5
Arizona,23.9
Arkansas,28.5
California,20.3
Colorado,27.9
Connecticut,28.2
Delaware,21.2
District of Columbia,31.2
Florida,23.4
Georgia,23.4
Hawaii,15.3
Idaho,30.4
Illinois,24.7
Indiana,27.0
Iowa,31.6
Kansas,29.0
Kentucky,33.3
Louisiana,23.9
Maine,34.5
Maryland,26.1
Massachusetts,26.4
Michigan,25.2
Minnesota,28.9
Mississippi,28.9
Missouri,31.4
Montana,26.3
Nebraska,28.6
Nevada,17.3
New Hampshire,25.2
New Jersey,19.1
New Mexico,23.0
New York,25.8
North Carolina,32.8
North Dakota,30.7
Ohio,26.7
Oklahoma,31.8
Oregon,30.3
Pennsylvania,27.1
Rhode Island,30.3
South Carolina,26.1
South Dakota,19.9
Tennessee,30.2
Texas,20.8
Utah,32.9
Vermont,27.2
Virginia,28.8
Washington,30.2
West Virginia,36.5
Wisconsin,30.3
Wyoming,24.3
Alabama,13.0
Alaska,9.4
Arizona,11.2
Arkansas,12.4
California,11.5
Colorado,12.5
Connecticut,9.1
Delaware,8.3
District of Columbia,17.0
Florida,10.2
Georgia,13.6
Hawaii,9.5
Idaho,17.0
Illinois,7.7
Indiana,9.2
Iowa,12.1
Kansas,8.3
Kentucky,13.2
Louisiana,9.5
Maine,10.6
Maryland,10.9
Massachusetts,10.5
Michigan,11.2
Minnesota,9.7
Mississippi,9.3
Missouri,11.5
Montana,10.0
Nebraska,11.2
Nevada,16.1
New Hampshire,14.1
New Jersey,8.6
New Mexico,11.5
New York,8.2
North Carolina,11.8
North Dakota,10.3
Ohio,10.5
Oklahoma,15.5
Oregon,16.1
Pennsylvania,9.4
Rhode Island,9.9
South Carolina,12.2
South Dakota,7.2
Tennessee,11.2
Texas,11.8
Utah,13.9
Vermont,10.7
Virginia,11.8
Washington,16.0
West Virginia,13.9
Wisconsin,10.4
Wyoming,11.4
Alabama,24.0
Alaska,20.0
Arizona,20.9
Arkansas,29.6
California,19.0
Colorado,26.3
Connecticut,19.6
Delaware,28.6
District of Columbia,17.2
Florida,20.6
Georgia,18.7
Hawaii,14.3
Idaho,23.0
Illinois,20.4
Indiana,26.3
Iowa,27.6
Kansas,26.1
Kentucky,30.2
Louisiana,28.7
Maine,23.4
Maryland,20.1
Massachusetts,23.0
Michigan,23.6
Minnesota,26.2
Mississippi,21.9
Missouri,27.6
Montana,28.6
Nebraska,27.4
Nevada,19.1
New Hampshire,26.5
New Jersey,16.9
New Mexico,24.3
New York,18.2
North Carolina,17.7
North Dakota,25.3
Ohio,23.0
Oklahoma,26.0
Oregon,25.1
Pennsylvania,24.2
Rhode Island,24.5
South Carolina,24.9
South Dakota,27.3
Tennessee,26.6
Texas,22.2
Utah,27.8
Vermont,30.4
Virginia,23.2
Washington,23.3
West Virginia,30.9
Wisconsin,24.5
Wyoming,18.5
Alabama,8.0
Alaska,9.4
Arizona,10.1
Arkansas,8.2
California,12.9
Colorado,11.6
Connecticut,10.9
Delaware,10.6
District of Columbia,15.9
Florida,9.4
Georgia,7.4
Hawaii,8.4
Idaho,9.1
Illinois,11.1
Indiana,10.7
Iowa,11.1
Kansas,8.3
Kentucky,10.7
Louisiana,9.7
Maine,11.3
Maryland,14.2
Massachusetts,15.4
Michigan,10.7
Minnesota,12.4
Mississippi,7.5
Missouri,9.9
Montana,13.9
Nebraska,11.6
Nevada,10.7
New Hampshire,13.4
New Jersey,12.0
New Mexico,12.4
New York,13.3
North Carolina,9.6
North Dakota,6.8
Ohio,7.7
Oklahoma,10.5
Oregon,13.2
Pennsylvania,9.3
Rhode Island,13.6
South Carolina,7.6
South Dakota,9.1
Tennessee,8.4
Texas,8.2
Utah,12.7
Vermont,17.2
Virginia,9.8
Washington,11.5
West Virginia,8.4
Wisconsin,10.7
Wyoming,10.1
Alabama,26.7
Alaska,23.6
Arizona,23.7
Arkansas,30.6
California,23.2
Colorado,31.0
Connecticut,23.3
Delaware,31.8
District of Columbia,25.0
Florida,23.6
Georgia,21.5
Hawaii,17.2
Idaho,25.7
Illinois,24.7
Indiana,28.2
Iowa,30.1
Kansas,27.7
Kentucky,33.0
Louisiana,31.3
Maine,26.7
Maryland,25.7
Massachusetts,29.6
Michigan,26.7
Minnesota,30.2
Mississippi,23.5
Missouri,30.7
Montana,32.0
Nebraska,30.6
Nevada,22.8
New Hampshire,29.3
New Jersey,21.1
New Mexico,28.3
New York,23.8
North Carolina,22.4
North Dakota,27.3
Ohio,26.0
Oklahoma,29.4
Oregon,30.9
Pennsylvania,27.2
Rhode Island,28.9
South Carolina,26.5
South Dakota,29.9
Tennessee,29.9
Texas,25.1
Utah,31.2
Vermont,38.1
Virginia,26.1
Washington,28.1
West Virginia,33.2
Wisconsin,26.4
Wyoming,21.5
Alabama,10.9
Alaska,11.6
Arizona,12.8
Arkansas,13.1
California,11.8
Colorado,14.0
Connecticut,11.2
Delaware,12.7
District of Columbia,14.9
Florida,10.1
Georgia,12.5
Hawaii,7.5
Idaho,10.9
Illinois,9.1
Indiana,11.4
Iowa,9.8
Kansas,12.3
Kentucky,10.6
Louisiana,11.0
Maine,11.1
Maryland,13.3
Massachusetts,9.1
Michigan,9.8
Minnesota,10.4
Mississippi,13.3
Missouri,13.4
Montana,14.9
Nebraska,13.0
Nevada,11.9
New Hampshire,12.3
New Jersey,7.4
New Mexico,12.0
New York,11.2
North Carolina,10.4
North Dakota,9.2
Ohio,8.8
Oklahoma,14.4
Oregon,15.7
Pennsylvania,9.1
Rhode Island,11.5
South Carolina,9.6
South Dakota,12.5
Tennessee,11.0
Texas,12.6
Utah,13.5
Vermont,9.3
Virginia,12.9
Washington,14.3
West Virginia,12.5
Wisconsin,10.0
Wyoming,13.8
Alabama,28.4
Alaska,14.8
Arizona,22.1
Arkansas,29.7
California,16.9
Colorado,18.7
Connecticut,24.1
Delaware,26.2
District of Columbia,18.6
Florida,18.3
Georgia,20.5
Hawaii,11.8
Idaho,20.5
Illinois,21.4
Indiana,28.4
Iowa,27.2
Kansas,23.3
Kentucky,28.5
Louisiana,24.6
Maine,30.7
Maryland,22.5
Massachusetts,22.1
Michigan,27.2
Minnesota,25.2
Mississippi,21.0
Missouri,26.2
Montana,22.8
Nebraska,24.2
Nevada,16.4
New Hampshire,27.7
New Jersey,21.5
New Mexico,21.9
New York,18.6
North Carolina,24.5
North Dakota,25.1
Ohio,24.4
Oklahoma,25.2
Oregon,23.2
Pennsylvania,28.2
Rhode Island,24.9
South Carolina,24.2
South Dakota,26.5
Tennessee,24.0
Texas,20.6
Utah,26.5
Vermont,26.3
Virginia,20.2
Washington,19.7
West Virginia,37.0
Wisconsin,25.0
Wyoming,18.8
Alabama,7.5
Alaska,10.2
Arizona,10.2
Arkansas,8.6
California,11.3
Colorado,12.4
Connecticut,13.3
Delaware,14.3
District of Columbia,15.5
Florida,7.7
Georgia,7.9
Hawaii,9.2
Idaho,8.6
Illinois,12.4
Indiana,8.8
Iowa,9.3
Kansas,9.4
Kentucky,11.2
Louisiana,6.8
Maine,10.6
Maryland,11.8
Massachusetts,14.5
Michigan,10.3
Minnesota,13.0
Mississippi,7.1
Missouri,9.7
Montana,10.3
Nebraska,10.7
Nevada,8.1
New Hampshire,12.6
New Jersey,13.2
New Mexico,12.0
New York,12.5
North Carolina,11.8
North Dakota,10.0
Ohio,10.0
Oklahoma,10.6
Oregon,14.9
Pennsylvania,11.7
Rhode Island,12.1
South Carolina,6.8
South Dakota,8.1
Tennessee,9.1
Texas,8.8
Utah,11.1
Vermont,14.2
Virginia,9.8
Washington,11.9
West Virginia,12.6
Wisconsin,9.2
Wyoming,9.9
Alabama,30.1
Alaska,19.9
Arizona,24.2
Arkansas,31.8
California,21.5
Colorado,25.0
Connecticut,28.3
Delaware,28.1
District of Columbia,25.3
Florida,20.6
Georgia,23.4
Hawaii,16.0
Idaho,23.2
Illinois,26.4
Indiana,31.1
Iowa,29.6
Kansas,26.5
Kentucky,31.0
Louisiana,26.6
Maine,34.0
Maryland,26.1
Massachusetts,27.4
Michigan,30.9
Minnesota,29.6
Mississippi,23.1
Missouri,28.7
Montana,27.4
Nebraska,27.3
Nevada,18.9
New Hampshire,30.9
New Jersey,26.5
New Mexico,26.2
New York,22.9
North Carolina,27.9
North Dakota,28.1
Ohio,28.6
Oklahoma,28.5
Oregon,29.4
Pennsylvania,31.9
Rhode Island,28.2
South Carolina,25.8
South Dakota,28.1
Tennessee,25.6
Texas,23.1
Utah,30.1
Vermont,31.6
Virginia,23.2
Washington,24.8
West Virginia,39.3
Wisconsin,27.7
Wyoming,22.9
Alabama,12.4
Alaska,11.9
Arizona,12.2
Arkansas,13.9
California,11.1
Colorado,13.3
Connecticut,8.3
Delaware,8.2
District of Columbia,9.9
Florida,10.3
Georgia,12.7
Hawaii,8.4
Idaho,9.1
Illinois,11.9
Indiana,10.2
Iowa,8.9
Kansas,13.0
Kentucky,10.3
Louisiana,11.0
Maine,14.3
Maryland,11.5
Massachusetts,10.8
Michigan,10.9
Minnesota,9.4
Mississippi,9.5
Missouri,9.8
Montana,11.7
Nebraska,10.2
Nevada,15.2
New Hampshire,9.3
New Jersey,11.9
New Mexico,11.9
New York,7.9
North Carolina,9.5
North Dakota,8.7
Ohio,10.3
Oklahoma,12.9
Oregon,15.7
Pennsylvania,10.1
Rhode Island,14.1
South Carolina,12.9
South Dakota,11.2
Tennessee,11.7
Texas,12.7
Utah,14.3
Vermont,9.0
Virginia,9.7
Washington,14.0
West Virginia,9.2
Wisconsin,10.8
Wyoming,9.2
Alabama,26.3
Alaska,19.2
Arizona,21.3
Arkansas,27.3
California,16.9
Colorado,20.1
Connecticut,22.5
Delaware,20.2
District of Columbia,24.7
Florida,21.3
Georgia,19.2
Hawaii,13.7
Idaho,24.5
Illinois,21.8
Indiana,29.0
Iowa,27.2
Kansas,26.2
Kentucky,23.3
Louisiana,22.4
Maine,30.7
Maryland,18.4
Massachusetts,24.5
Michigan,23.9
Minnesota,27.8
Mississippi,23.8
Missouri,22.1
Montana,23.4
Nebraska,26.4
Nevada,18.7
New Hampshire,21.5
New Jersey,17.4
New Mexico,19.2
New York,21.0
North Carolina,22.5
North Dakota,20.2
Ohio,24.7
Oklahoma,29.6
Oregon,25.3
Pennsylvania,26.3
Rhode Island,23.8
South Carolina,25.5
South Dakota,23.8
Tennessee,25.5
Texas,20.4
Utah,27.7
Vermont,22.6
Virginia,23.7
Washington,21.5
West Virginia,35.4
Wisconsin,24.2
Wyoming,18.9
Alabama,11.8
Alaska,8.6
Arizona,11.0
Arkansas,8.6
California,11.9
Colorado,12.8
Connecticut,12.9
Delaware,11.8
District of Columbia,20.4
Florida,8.2
Georgia,8.9
Hawaii,9.7
Idaho,11.7
Illinois,11.9
Indiana,11.0
Iowa,9.1
Kansas,10.3
Kentucky,8.0
Louisiana,7.9
Maine,12.8
Maryland,12.2
Massachusetts,17.6
Michigan,10.8
Minnesota,13.2
Mississippi,8.1
Missouri,10.6
Montana,15.2
Nebraska,14.1
Nevada,7.9
New Hampshire,9.7
New Jersey,10.1
New Mexico,12.0
New York,16.4
North Carolina,9.8
North Dakota,7.7
Ohio,9.7
Oklahoma,15.4
Oregon,12.9
Pennsylvania,12.9
Rhode Island,13.0
South Carolina,9.6
South Dakota,7.5
Tennessee,9.5
Texas,11.2
Utah,12.9
Vermont,14.7
Virginia,10.1
Washington,11.8
West Virginia,11.2
Wisconsin,10.6
Wyoming,6.4
Alabama,28.9
Alaska,22.7
Arizona,24.4
Arkansas,30.3
California,21.4
Colorado,25.5
Connecticut,27.1
Delaware,24.8
District of Columbia,29.5
Florida,23.9
Georgia,22.9
Hawaii,18.6
Idaho,27.8
Illinois,25.4
Indiana,31.5
Iowa,30.1
Kansas,29.6
Kentucky,26.1
Louisiana,24.7
Maine,34.8
Maryland,23.5
Massachusetts,30.0
Michigan,27.3
Minnesota,31.8
Mississippi,24.9
Missouri,26.3
Montana,29.2
Nebraska,29.7
Nevada,20.5
New Hampshire,25.0
New Jersey,21.5
New Mexico,23.2
New York,28.3
North Carolina,26.7
North Dakota,23.1
Ohio,28.5
Oklahoma,34.2
Oregon,29.8
Pennsylvania,29.8
Rhode Island,27.8
South Carolina,27.2
South Dakota,26.4
Tennessee,28.6
Texas,24.1
Utah,31.7
Vermont,29.0
Virginia,27.1
Washington,25.6
West Virginia,38.0
Wisconsin,27.6
Wyoming,21.7
Alabama,11.3
Alaska,14.4
Arizona,11.9
Arkansas,12.9
California,11.8
Colorado,12.2
Connecticut,9.3
Delaware,5.6
District of Columbia,17.6
Florida,11.9
Georgia,13.3
Hawaii,5.9
Idaho,11.5
Illinois,11.2
Indiana,12.5
Iowa,9.5
Kansas,11.5
Kentucky,12.0
Louisiana,10.5
Maine,9.1
Maryland,8.7
Massachusetts,9.9
Michigan,9.9
Minnesota,12.7
Mississippi,12.5
Missouri,12.7
Montana,10.0
Nebraska,13.8
Nevada,10.6
New Hampshire,8.4
New Jersey,7.2
New Mexico,13.3
New York,9.9
North Carolina,12.0
North Dakota,10.3
Ohio,10.6
Oklahoma,15.9
Oregon,15.0
Pennsylvania,9.5
Rhode Island,8.4
South Carolina,11.4
South Dakota,10.6
Tennessee,12.1
Texas,13.9
Utah,13.3
Vermont,12.7
Virginia,9.3
Washington,14.3
West Virginia,10.6
Wisconsin,9.8
Wyoming,12.3
Alabama,27.9
Alaska,18.8
Arizona,19.2
Arkansas,27.8
California,21.5
Colorado,24.8
Connecticut,23.2
Delaware,23.7
District of Columbia,20.0
Florida,22.5
Georgia,21.3
Hawaii,10.4
Idaho,26.3
Illinois,23.3
Indiana,27.0
Iowa,25.4
Kansas,28.1
Kentucky,33.7
Louisiana,27.5
Maine,30.1
Maryland,23.6
Massachusetts,25.5
Michigan,23.7
Minnesota,25.1
Mississippi,21.7
Missouri,25.3
Montana,20.8
Nebraska,29.4
Nevada,20.1
New Hampshire,26.5
New Jersey,19.4
New Mexico,21.5
New York,18.8
North Carolina,22.8
North Dakota,28.7
Ohio,25.5
Oklahoma,29.9
Oregon,23.3
Pennsylvania,24.3
Rhode Island,25.7
South Carolina,24.5
South Dakota,22.4
Tennessee,27.2
Texas,21.8
Utah,29.5
Vermont,21.6
Virginia,25.1
Washington,23.0
West Virginia,28.7
Wisconsin,27.3
Wyoming,20.9
Alabama,12.8
Alaska,11.4
Arizona,10.1
Arkansas,7.0
California,12.0
Colorado,11.4
Connecticut,15.4
Delaware,12.0
District of Columbia,20.9
Florida,7.7
Georgia,9.9
Hawaii,10.5
Idaho,12.0
Illinois,10.8
Indiana,11.2
Iowa,10.0
Kansas,12.8
Kentucky,11.8
Louisiana,13.6
Maine,15.4
Maryland,15.2
Massachusetts,17.0
Michigan,9.4
Minnesota,10.4
Mississippi,7.5
Missouri,8.2
Montana,10.6
Nebraska,11.5
Nevada,12.0
New Hampshire,10.6
New Jersey,11.2
New Mexico,15.5
New York,13.4
North Carolina,9.8
North Dakota,10.2
Ohio,9.1
Oklahoma,8.7
Oregon,13.9
Pennsylvania,10.7
Rhode Island,15.9
South Carolina,8.5
South Dakota,8.3
Tennessee,10.2
Texas,9.0
Utah,11.7
Vermont,16.8
Virginia,11.3
Washington,11.2
West Virginia,10.9
Wisconsin,11.6
Wyoming,7.4
Alabama,30.7
Alaska,21.9
Arizona,22.8
Arkansas,29.6
California,25.9
Colorado,29.1
Connecticut,29.0
Delaware,27.1
District of Columbia,29.8
Florida,24.7
Georgia,23.9
Hawaii,17.1
Idaho,30.0
Illinois,26.7
Indiana,30.6
Iowa,27.7
Kansas,33.0
Kentucky,35.5
Louisiana,32.9
Maine,32.4
Maryland,28.8
Massachusetts,30.5
Michigan,27.0
Minnesota,28.3
Mississippi,23.9
Missouri,28.2
Montana,24.7
Nebraska,32.6
Nevada,24.9
New Hampshire,28.6
New Jersey,23.2
New Mexico,27.4
New York,24.4
North Carolina,26.1
North Dakota,31.5
Ohio,28.4
Oklahoma,32.3
Oregon,29.6
Pennsylvania,28.5
Rhode Island,32.6
South Carolina,27.5
South Dakota,23.8
Tennessee,28.8
Texas,24.4
Utah,33.4
Vermont,29.5
Virginia,28.9
Washington,27.3
West Virginia,31.1
Wisconsin,31.2
Wyoming,22.9
Alabama,10.0
Alaska,10.7
Arizona,12.4
Arkansas,13.1
California,12.7
Colorado,12.1
Connecticut,11.0
Delaware,12.0
District of Columbia,12.7
Florida,11.1
Georgia,14.4
Hawaii,12.5
Idaho,14.1
Illinois,10.4
Indiana,10.9
Iowa,9.9
Kansas,8.9
Kentucky,10.4
Louisiana,12.4
Maine,11.5
Maryland,12.3
Massachusetts,12.0
Michigan,9.4
Minnesota,8.5
Mississippi,10.7
Missouri,11.4
Montana,12.1
Nebraska,9.8
Nevada,8.5
New Hampshire,10.1
New Jersey,9.9
New Mexico,11.5
New York,9.4
North Carolina,10.1
North Dakota,8.4
Ohio,11.7
Oklahoma,12.4
Oregon,16.0
Pennsylvania,9.3
Rhode Island,10.6
South Carolina,10.1
South Dakota,10.5
Tennessee,12.7
Texas,13.4
Utah,15.9
Vermont,8.3
Virginia,10.8
Washington,12.3
West Virginia,9.5
Wisconsin,10.9
Wyoming,14.0
Alabama,26.6
Alaska,22.1
Arizona,18.1
Arkansas,27.9
California,16.4
Colorado,22.6
Connecticut,25.7
Delaware,20.5
District of Columbia,20.9
Florida,22.5
Georgia,19.9
Hawaii,16.8
Idaho,23.5
Illinois,22.1
Indiana,25.7
Iowa,27.1
Kansas,28.6
Kentucky,34.8
Louisiana,26.6
Maine,24.3
Maryland,22.8
Massachusetts,28.0
Michigan,23.9
Minnesota,29.6
Mississippi,26.7
Missouri,27.1
Montana,18.3
Nebraska,29.1
Nevada,16.4
New Hampshire,28.4
New Jersey,19.4
New Mexico,20.9
New York,20.4
North Carolina,24.2
North Dakota,28.5
Ohio,27.5
Oklahoma,27.3
Oregon,28.7
Pennsylvania,24.5
Rhode Island,26.7
South Carolina,24.9
South Dakota,25.3
Tennessee,23.6
Texas,21.0
Utah,29.1
Vermont,25.2
Virginia,26.7
Washington,28.3
West Virginia,35.7
Wisconsin,25.2
Wyoming,21.8
Alabama,9.4
Alaska,13.2
Arizona,9.1
Arkansas,8.7
California,12.0
Colorado,13.5
Connecticut,14.1
Delaware,12.9
District of Columbia,19.3
Florida,9.5
Georgia,11.9
Hawaii,11.0
Idaho,9.2
Illinois,9.8
Indiana,10.3
Iowa,10.2
Kansas,10.5
Kentucky,11.0
Louisiana,11.7
Maine,11.3
Maryland,11.2
Massachusetts,17.2
Michigan,12.7
Minnesota,12.5
Mississippi,7.6
Missouri,7.0
Montana,12.5
Nebraska,12.2
Nevada,8.9
New Hampshire,10.8
New Jersey,13.4
New Mexico,10.7
New York,13.9
North Carolina,10.3
North Dakota,12.1
Ohio,12.1
Oklahoma,9.0
Oregon,16.0
Pennsylvania,11.4
Rhode Island,15.1
South Carolina,9.5
South Dakota,9.8
Tennessee,8.8
Texas,9.6
Utah,13.3
Vermont,9.9
Virginia,12.2
Washington,16.0
West Virginia,6.4
Wisconsin,8.5
Wyoming,11.4
Alabama,28.9
Alaska,29.0
Arizona,20.5
Arkansas,30.3
California,21.9
Colorado,27.7
Connecticut,29.4
Delaware,23.0
District of Columbia,27.6
Florida,26.2
Georgia,24.3
Hawaii,21.1
Idaho,26.0
Illinois,25.3
Indiana,27.7
Iowa,30.1
Kansas,30.8
Kentucky,36.2
Louisiana,29.9
Maine,28.5
Maryland,26.1
Massachusetts,32.5
Michigan,28.0
Minnesota,32.9
Mississippi,27.7
Missouri,29.9
Montana,24.8
Nebraska,31.3
Nevada,19.2
New Hampshire,31.7
New Jersey,24.4
New Mexico,25.2
New York,26.3
North Carolina,26.9
North Dakota,30.9
Ohio,29.3
Oklahoma,29.5
Oregon,33.2
Pennsylvania,27.9
Rhode Island,29.9
South Carolina,27.8
South Dakota,28.1
Tennessee,26.8
Texas,24.1
Utah,32.7
Vermont,27.9
Virginia,29.2
Washington,33.1
West Virginia,36.8
Wisconsin,27.5
Wyoming,26.3
Alabama,12.1
Alaska,15.8
Arizona,10.8
Arkansas,15.1
California,13.4
Colorado,10.6
Connecticut,9.2
Delaware,6.6
District of Columbia,20.8
Florida,9.3
Georgia,11.2
Hawaii,8.2
Idaho,12.1
Illinois,14.4
Indiana,9.7
Iowa,8.9
Kansas,14.3
Kentucky,14.7
Louisiana,9.9
Maine,10.8
Maryland,11.9
Massachusetts,12.9
Michigan,12.1
Minnesota,11.3
Mississippi,13.4
Missouri,12.0
Montana,12.6
Nebraska,10.4
Nevada,11.1
New Hampshire,10.1
New Jersey,7.8
New Mexico,12.7
New York,11.2
North Carolina,8.7
North Dakota,8.0
Ohio,8.5
Oklahoma,13.0
Oregon,15.6
Pennsylvania,9.5
Rhode Island,7.5
South Carolina,9.0
South Dakota,7.9
Tennessee,11.6
Texas,12.7
Utah,17.9
Vermont,11.9
Virginia,10.1
Washington,14.8
West Virginia,9.8
Wisconsin,11.6
Wyoming,11.5
